FIFA,Dial,ISO3166-1-Alpha-3,MARC,is_independent,ISO3166-1-numeric,GAUL,FIPS,WMO,ISO3166-1-Alpha-2,ITU,IOC,DS,UNTERM Spanish Formal,Global Code,Intermediate Region Code,ISO4217-currency_name,UNTERM English Short,ISO4217-currency_alphabetic_code,Small Island Developing States (SIDS),ISO4217-currency_numeric_code,M49,Sub-region Code,Region Code,ISO4217-currency_minor_unit,Land Locked Developing Countries (LLDC),Intermediate Region Name,UNTERM English Formal,official_name_en,ISO4217-currency_country_name,Least Developed Countries (LDC),Region Name,Sub-region Name,Global Name,Capital,Continent,TLD,Languages,Geoname ID,CLDR display name,EDGAR,wikidata_id
AFG,93,AFG,af,Yes,4,1,AF,AF,AF,AFG,AFG,AFG,la República Islámica del Afganistán,1,,Afghani,Afghanistan,AFN,,971,4,34,142,2,x,,the Islamic Republic of Afghanistan,Afghanistan,AFGHANISTAN,x,Asia,Southern Asia,World,Kabul,AS,.af,"fa-AF,ps,uz-AF,tk",1149361,Afghanistan,B2,https://www.wikidata.org/wiki/Q889
ALD,358,ALA, ,Part of FI,248,1242, , ,AX, , ,FIN,,1,,Euro,,EUR,,978,248,154,150,2,,,,Åland Islands,ÅLAND ISLANDS,,Europe,Northern Europe,World,Mariehamn,EU,.ax,sv-AX,661882,Kepulauan Aland,,https://www.wikidata.org/wiki/Q5689
ALB,355,ALB,aa,Yes,8,3,AL,AB,AL,ALB,ALB,AL,la República de Albania,1,,Lek,Albania,ALL,,8,8,39,150,2,,,the Republic of Albania,Albania,ALBANIA,,Europe,Southern Europe,World,Tirana,EU,.al,"sq,el",783754,Albania,B3,https://www.wikidata.org/wiki/Q222
ALG,213,DZA,ae,Yes,12,4,AG,AL,DZ,ALG,ALG,DZ,la República Argelina Democrática y Popular,1,,Algerian Dinar,Algeria,DZD,,12,12,15,2,2,,,the People's Democratic Republic of Algeria,Algeria,ALGERIA,,Africa,Northern Africa,World,Algiers,AF,.dz,ar-DZ,2589581,Algeria,B4,https://www.wikidata.org/wiki/Q262
ASA,1-684,ASM,as,Territory of US,16,5,AQ, ,AS,SMA,ASA,USA,,1,,US Dollar,,USD,x,840,16,61,9,2,,,,American Samoa,AMERICAN SAMOA,,Oceania,Polynesia,World,Pago Pago,OC,.as,"en-AS,sm,to",5880801,Samoa Amerika,B5,https://www.wikidata.org/wiki/Q16641
AND,376,AND,an,Yes,20,7,AN, ,AD,AND,AND,AND,el Principado de Andorra,1,,Euro,Andorra,EUR,,978,20,39,150,2,,,the Principality of Andorra,Andorra,ANDORRA,,Europe,Southern Europe,World,Andorra la Vella,EU,.ad,ca,3041565,Andorra,B6,https://www.wikidata.org/wiki/Q228
ANG,244,AGO,ao,Yes,24,8,AO,AN,AO,AGL,ANG,AO,la República de Angola,1,17,Kwanza,Angola,AOA,,973,24,202,2,2,,Middle Africa,the Republic of Angola,Angola,ANGOLA,x,Africa,Sub-Saharan Africa,World,Luanda,AF,.ao,pt-AO,3351879,Angola,B7,https://www.wikidata.org/wiki/Q916
AIA,1-264,AIA,am,Territory of GB,660,9,AV, ,AI,AIA,AIA, ,,1,29,East Caribbean Dollar,,XCD,x,951,660,419,19,2,,Caribbean,,Anguilla,ANGUILLA,,Americas,Latin America and the Caribbean,World,The Valley,NA,.ai,en-AI,3573511,Anguilla,1A,https://www.wikidata.org/wiki/Q25228
ROS3,672,ATA,ay,International,10,10,AY,AA,AQ, , , ,,1,,No universal currency,,,,,10,,,,,,,Antarctica,ANTARCTICA,,,,World,,AN,.aq,,6697173,Antartika,B8,https://www.wikidata.org/wiki/Q21590062
ATG,1-268,ATG,aq,Yes,28,11,AC,AT,AG,ATG,ANT, ,Antigua y Barbuda,1,29,East Caribbean Dollar,Antigua and Barbuda,XCD,x,951,28,419,19,2,,Caribbean,Antigua and Barbuda,Antigua and Barbuda,ANTIGUA AND BARBUDA,,Americas,Latin America and the Caribbean,World,St. John's,NA,.ag,en-AG,3576396,Antigua dan Barbuda,B9,https://www.wikidata.org/wiki/Q781
ARG,54,ARG,ag,Yes,32,12,AR,AG,AR,ARG,ARG,RA,la República Argentina,1,5,Argentine Peso,Argentina,ARS,,32,32,419,19,2,,South America,the Argentine Republic,Argentina,ARGENTINA,,Americas,Latin America and the Caribbean,World,Buenos Aires,SA,.ar,"es-AR,en,it,de,fr,gn",3865483,Argentina,C1,https://www.wikidata.org/wiki/Q414
ARM,374,ARM,ai,Yes,51,13,AM,AY,AM,ARM,ARM,AM,la República de Armenia,1,,Armenian Dram,Armenia,AMD,,51,51,145,142,2,x,,the Republic of Armenia,Armenia,ARMENIA,,Asia,Western Asia,World,Yerevan,AS,.am,hy,174982,Armenia,1B,https://www.wikidata.org/wiki/Q399
ARU,297,ABW,aw,Part of NL,533,14,AA,NU,AW,ABW,ARU,AW,,1,29,Aruban Florin,,AWG,x,533,533,419,19,2,,Caribbean,,Aruba,ARUBA,,Americas,Latin America and the Caribbean,World,Oranjestad,NA,.aw,"nl-AW,pap,es,en",3577279,Aruba,1C,https://www.wikidata.org/wiki/Q21203
AUS,61,AUS,at,Yes,36,17,AS,AU,AU,AUS,AUS,AUS,Australia,1,,Australian Dollar,Australia,AUD,,36,36,53,9,2,,,Australia,Australia,AUSTRALIA,,Oceania,Australia and New Zealand,World,Canberra,OC,.au,en-AU,2077456,Australia,C3,https://www.wikidata.org/wiki/Q408
AUT,43,AUT,au,Yes,40,18,AU,OS,AT,AUT,AUT,A,la República de Austria,1,,Euro,Austria,EUR,,978,40,155,150,2,,,the Republic of Austria,Austria,AUSTRIA,,Europe,Western Europe,World,Vienna,EU,.at,"de-AT,hr,hu,sl",2782113,Austria,C4,https://www.wikidata.org/wiki/Q40
AZE,994,AZE,aj,Yes,31,19,AJ,AJ,AZ,AZE,AZE,AZ,la República de Azerbaiyán,1,,Azerbaijan Manat,Azerbaijan,AZN,,944,31,145,142,2,x,,the Republic of Azerbaijan,Azerbaijan,AZERBAIJAN,,Asia,Western Asia,World,Baku,AS,.az,"az,ru,hy",587116,Azerbaijan,1D,https://www.wikidata.org/wiki/Q227
BAH,1-242,BHS,bf,Yes,44,20,BF,BA,BS,BAH,BAH,BS,el Commonwealth de las Bahamas,1,29,Bahamian Dollar,Bahamas (the),BSD,x,44,44,419,19,2,,Caribbean,the Commonwealth of the Bahamas,Bahamas,BAHAMAS,,Americas,Latin America and the Caribbean,World,Nassau,NA,.bs,en-BS,3572887,Bahamas,C5,https://www.wikidata.org/wiki/Q778
BHR,973,BHR,ba,Yes,48,21,BA,BN,BH,BHR,BRN,BRN,el Reino de Bahrein,1,,Bahraini Dinar,Bahrain,BHD,,48,48,145,142,3,,,the Kingdom of Bahrain,Bahrain,BAHRAIN,,Asia,Western Asia,World,Manama,AS,.bh,"ar-BH,en,fa,ur",290291,Bahrain,C6,https://www.wikidata.org/wiki/Q398
BAN,880,BGD,bg,Yes,50,23,BG,BW,BD,BGD,BAN,BD,la República Popular de Bangladesh,1,,Taka,Bangladesh,BDT,,50,50,34,142,2,,,the People's Republic of Bangladesh,Bangladesh,BANGLADESH,x,Asia,Southern Asia,World,Dhaka,AS,.bd,"bn-BD,en",1210997,Bangladesh,C7,https://www.wikidata.org/wiki/Q902
BRB,1-246,BRB,bb,Yes,52,24,BB,BR,BB,BRB,BAR,BDS,Barbados,1,29,Barbados Dollar,Barbados,BBD,x,52,52,419,19,2,,Caribbean,Barbados,Barbados,BARBADOS,,Americas,Latin America and the Caribbean,World,Bridgetown,NA,.bb,en-BB,3374084,Barbados,C8,https://www.wikidata.org/wiki/Q244
BLR,375,BLR,bw,Yes,112,26,BO,BY,BY,BLR,BLR,BY,la República de Belarús,1,,Belarusian Ruble,Belarus,BYN,,933,112,151,150,2,,,the Republic of Belarus,Belarus,BELARUS,,Europe,Eastern Europe,World,Minsk,EU,.by,"be,ru",630336,Belarus,1F,https://www.wikidata.org/wiki/Q184
BEL,32,BEL,be,Yes,56,27,BE,BX,BE,BEL,BEL,B,el Reino de Bélgica,1,,Euro,Belgium,EUR,,978,56,155,150,2,,,the Kingdom of Belgium,Belgium,BELGIUM,,Europe,Western Europe,World,Brussels,EU,.be,"nl-BE,fr-BE,de-BE",2802361,Belgium,C9,https://www.wikidata.org/wiki/Q31
BLZ,501,BLZ,bh,Yes,84,28,BH,BH,BZ,BLZ,BIZ,BH,Belice,1,13,Belize Dollar,Belize,BZD,x,84,84,419,19,2,,Central America,Belize,Belize,BELIZE,,Americas,Latin America and the Caribbean,World,Belmopan,NA,.bz,"en-BZ,es",3582678,Belize,D1,https://www.wikidata.org/wiki/Q242
BEN,229,BEN,dm,Yes,204,29,BN,BJ,BJ,BEN,BEN,DY,la República de Benin,1,11,CFA Franc BCEAO,Benin,XOF,,952,204,202,2,0,,Western Africa,the Republic of Benin,Benin,BENIN,x,Africa,Sub-Saharan Africa,World,Porto-Novo,AF,.bj,fr-BJ,2395170,Benin,G6,https://www.wikidata.org/wiki/Q962
BER,1-441,BMU,bm,Territory of GB,60,30,BD,BE,BM,BER,BER,BM,,1,,Bermudian Dollar,,BMD,,60,60,21,19,2,,,,Bermuda,BERMUDA,,Americas,Northern America,World,Hamilton,NA,.bm,"en-BM,pt",3573345,Bermuda,D0,https://www.wikidata.org/wiki/Q23635
BHU,975,BTN,bt,Yes,64,31,BT, ,BT,BTN,BHU,BT,el Reino de Bhután,1,,"Indian Rupee,Ngultrum",Bhutan,"INR,BTN",,356064,64,34,142,"2,2",x,,the Kingdom of Bhutan,Bhutan,BHUTAN,,Asia,Southern Asia,World,Thimphu,AS,.bt,dz,1252634,Bhutan,D2,https://www.wikidata.org/wiki/Q917
BOL,591,BOL,bo,Yes,68,33,BL,BO,BO,BOL,BOL,BOL,el Estado Plurinacional de Bolivia,1,5,Boliviano,Bolivia (Plurinational State of),BOB,,68,68,419,19,2,x,South America,the Plurinational State of Bolivia,Bolivia (Plurinational State of),BOLIVIA (PLURINATIONAL STATE OF),,Americas,Latin America and the Caribbean,World,Sucre,SA,.bo,"es-BO,qu,ay",3923057,Bolivia,,https://www.wikidata.org/wiki/Q750
ANT,599,BES,ca,Part of NL,535,176,NL,NU,BQ,ATN,AHO,NA,,1,29,US Dollar,,USD,x,840,535,419,19,2,,Caribbean,,"Bonaire, Sint Eustatius and Saba","BONAIRE, SINT EUSTATIUS AND SABA",,Americas,Latin America and the Caribbean,World,,NA,.bq,"nl,pap,en",7626844,Belanda Caribbean,,https://www.wikidata.org/wiki/Q27561
BIH,387,BIH,bn,Yes,70,34,BK,BG,BA,BIH,BIH,BIH,Bosnia y Herzegovina,1,,Convertible Mark,Bosnia and Herzegovina,BAM,,977,70,39,150,2,,,Bosnia and Herzegovina,Bosnia and Herzegovina,BOSNIA AND HERZEGOVINA,,Europe,Southern Europe,World,Sarajevo,EU,.ba,"bs,hr-BA,sr-BA",3277605,Bosnia dan Herzegovina,1E,https://www.wikidata.org/wiki/Q225
BOT,267,BWA,bs,Yes,72,35,BC,BC,BW,BOT,BOT,BW,la República de Botswana,1,18,Pula,Botswana,BWP,,72,72,202,2,2,x,Southern Africa,the Republic of Botswana,Botswana,BOTSWANA,,Africa,Sub-Saharan Africa,World,Gaborone,AF,.bw,"en-BW,tn-BW",933860,Botswana,B1,https://www.wikidata.org/wiki/Q963
,47,BVT,bv,Territory of NO,74,36,BV,BV,BV, , ,BV,,1,5,Norwegian Krone,,NOK,,578,74,419,19,2,,South America,,Bouvet Island,BOUVET ISLAND,,Americas,Latin America and the Caribbean,World,,AN,.bv,,3371123,Pulau Bouvet,D4,https://www.wikidata.org/wiki/Q23408
BRA,55,BRA,bl,Yes,76,37,BR,BZ,BR,B,BRA,BR,la República Federativa del Brasil,1,5,Brazilian Real,Brazil,BRL,,986,76,419,19,2,,South America,the Federative Republic of Brazil,Brazil,BRAZIL,,Americas,Latin America and the Caribbean,World,Brasilia,SA,.br,"pt-BR,es,en,fr",3469034,Brazil,D5,https://www.wikidata.org/wiki/Q155
,246,IOT,bi,Territory of GB,86,38,IO, ,IO,BIO, , ,,1,14,US Dollar,,USD,,840,86,202,2,2,,Eastern Africa,,British Indian Ocean Territory,BRITISH INDIAN OCEAN TERRITORY,,Africa,Sub-Saharan Africa,World,Diego Garcia,AS,.io,en-IO,1282588,Wilayah Lautan Hindi British,D6,https://www.wikidata.org/wiki/Q43448
VGB,1-284,VGB,vb,Territory of GB,92,39,VI,VI,VG,VRG,IVB,BVI,,1,29,US Dollar,,USD,x,840,92,419,19,2,,Caribbean,,British Virgin Islands,VIRGIN ISLANDS (BRITISH),,Americas,Latin America and the Caribbean,World,Road Town,NA,.vg,en-VG,3577718,Kepulauan Virgin British,,https://www.wikidata.org/wiki/Q25305
BRU,673,BRN,bx,Yes,96,40,BX,BD,BN,BRU,BRU,BRU,Brunei Darussalam,1,,Brunei Dollar,Brunei Darussalam,BND,,96,96,35,142,2,,,Brunei Darussalam,Brunei Darussalam,BRUNEI DARUSSALAM,,Asia,South-eastern Asia,World,Bandar Seri Begawan,AS,.bn,"ms-BN,en-BN",1820814,Brunei,D9,https://www.wikidata.org/wiki/Q921
BUL,359,BGR,bu,Yes,100,41,BU,BU,BG,BUL,BUL,BG,la República de Bulgaria,1,,Euro,Bulgaria,EUR,,978,100,151,150,2,,,the Republic of Bulgaria,Bulgaria,BULGARIA,,Europe,Eastern Europe,World,Sofia,EU,.bg,"bg,tr-BG,rom",732800,Bulgaria,E0,https://www.wikidata.org/wiki/Q219
BFA,226,BFA,uv,Yes,854,42,UV,HV,BF,BFA,BUR,BF,Burkina Faso,1,11,CFA Franc BCEAO,Burkina Faso,XOF,,952,854,202,2,0,x,Western Africa,Burkina Faso,Burkina Faso,BURKINA FASO,x,Africa,Sub-Saharan Africa,World,Ouagadougou,AF,.bf,"fr-BF,mos",2361809,Burkina Faso,X2,https://www.wikidata.org/wiki/Q965
BDI,257,BDI,bd,Yes,108,43,BY,BI,BI,BDI,BDI,RU,la República de Burundi,1,14,Burundi Franc,Burundi,BIF,,108,108,202,2,0,x,Eastern Africa,the Republic of Burundi,Burundi,BURUNDI,x,Africa,Sub-Saharan Africa,World,Gitega,AF,.bi,"fr-BI,rn",433561,Burundi,E2,https://www.wikidata.org/wiki/Q967
CPV,238,CPV,cv,Yes,132,47,CV,CV,CV,CPV,CPV,CV,la República de Cabo Verde,1,11,Cabo Verde Escudo,Cabo Verde,CVE,x,132,132,202,2,2,,Western Africa,the Republic of Cabo Verde,Cabo Verde,CABO VERDE,,Africa,Sub-Saharan Africa,World,Praia,AF,.cv,pt-CV,3374766,Cape Verde,,https://www.wikidata.org/wiki/Q1011
CAM,855,KHM,cb,Yes,116,44,CB,KP,KH,CBG,CAM,K,el Reino de Camboya,1,,Riel,Cambodia,KHR,,116,116,35,142,2,,,the Kingdom of Cambodia,Cambodia,CAMBODIA,x,Asia,South-eastern Asia,World,Phnom Penh,AS,.kh,"km,fr,en",1831722,Kemboja,E3,https://www.wikidata.org/wiki/Q424
CMR,237,CMR,cm,Yes,120,45,CM,CM,CM,CME,CMR,CAM,la República del Camerún,1,17,CFA Franc BEAC,Cameroon,XAF,,950,120,202,2,0,,Middle Africa,the Republic of Cameroon,Cameroon,CAMEROON,,Africa,Sub-Saharan Africa,World,Yaounde,AF,.cm,"en-CM,fr-CM",2233387,Cameroon,E4,https://www.wikidata.org/wiki/Q1009
CAN,1,CAN,xxc,Yes,124,46,CA,CN,CA,CAN,CAN,CDN,el Canadá,1,,Canadian Dollar,Canada,CAD,,124,124,21,19,2,,,Canada,Canada,CANADA,,Americas,Northern America,World,Ottawa,NA,.ca,"en-CA,fr-CA,iu",6251999,Kanada,,https://www.wikidata.org/wiki/Q16
CAY,1-345,CYM,cj,Territory of GB,136,48,CJ,GC,KY,CYM,CAY,KY,,1,29,Cayman Islands Dollar,,KYD,,136,136,419,19,2,,Caribbean,,Cayman Islands,CAYMAN ISLANDS,,Americas,Latin America and the Caribbean,World,George Town,NA,.ky,en-KY,3580718,Kepulauan Cayman,E9,https://www.wikidata.org/wiki/Q5785
CTA,236,CAF,cx,Yes,140,49,CT,CE,CF,CAF,CAF,RCA,la República Centroafricana,1,17,CFA Franc BEAC,Central African Republic (the),XAF,,950,140,202,2,0,x,Middle Africa,the Central African Republic,Central African Republic,CENTRAL AFRICAN REPUBLIC,x,Africa,Sub-Saharan Africa,World,Bangui,AF,.cf,"fr-CF,sg,ln,kg",239880,Republik Afrika Tengah,F0,https://www.wikidata.org/wiki/Q929
CHA,235,TCD,cd,Yes,148,50,CD,CD,TD,TCD,CHA,TCH,la República del Chad,1,17,CFA Franc BEAC,Chad,XAF,,950,148,202,2,0,x,Middle Africa,the Republic of Chad,Chad,CHAD,x,Africa,Sub-Saharan Africa,World,N'Djamena,AF,.td,"fr-TD,ar-TD,sre",2434508,Chad,F2,https://www.wikidata.org/wiki/Q657
CHI,56,CHL,cl,Yes,152,51,CI,CH,CL,CHL,CHI,RCH,la República de Chile,1,5,Chilean Peso,Chile,CLP,,152,152,419,19,0,,South America,the Republic of Chile,Chile,CHILE,,Americas,Latin America and the Caribbean,World,Santiago,SA,.cl,es-CL,3895114,Chile,F3,https://www.wikidata.org/wiki/Q298
CHN,86,CHN,cc,Yes,156,53,CH,CI,CN,CHN,CHN,CN,la República Popular China,1,,Yuan Renminbi,China,CNY,,156,156,30,142,2,,,the People's Republic of China,China,CHINA,,Asia,Eastern Asia,World,Beijing,AS,.cn,"zh-CN,yue,wuu,dta,ug,za",1814991,China,F4,https://www.wikidata.org/wiki/Q148
HKG,852,HKG, ,Part of CN,344,33364,HK,HK,HK,HKG,HKG,HK,,1,,Hong Kong Dollar,,HKD,,344,344,30,142,2,,,,"China, Hong Kong Special Administrative Region",HONG KONG,,Asia,Eastern Asia,World,Hong Kong,AS,.hk,"zh-HK,yue,zh,en",1819730,Hong Kong,K3,https://www.wikidata.org/wiki/Q8646
MAC,853,MAC, ,Part of CN,446,149,MC,MU,MO,MAC,MAC,MO,,1,,Pataca,,MOP,,446,446,30,142,2,,,,"China, Macao Special Administrative Region",MACAO,,Asia,Eastern Asia,World,Macao,AS,.mo,"zh,zh-MO,pt",1821275,Macau,,https://www.wikidata.org/wiki/Q14773
CXR,61,CXR,xa,Territory of AU,162,54,KT,KI,CX,CHR, ,AUS,,1,,Australian Dollar,,AUD,,36,162,53,9,2,,,,Christmas Island,CHRISTMAS ISLAND,,Oceania,Australia and New Zealand,World,Flying Fish Cove,OC,.cx,"en,zh,ms-CX",2078138,Pulau Krismas,F6,https://www.wikidata.org/wiki/Q31063
CCK,61,CCK,xb,Territory of AU,166,56,CK,KK,CC,ICO, ,AUS,,1,,Australian Dollar,,AUD,,36,166,53,9,2,,,,Cocos (Keeling) Islands,COCOS (KEELING) ISLANDS,,Oceania,Australia and New Zealand,World,West Island,AS,.cc,"ms-CC,en",1547376,Kepulauan Cocos (Keeling),F7,https://www.wikidata.org/wiki/Q36004
COL,57,COL,ck,Yes,170,57,CO,CO,CO,CLM,COL,CO,la República de Colombia,1,5,Colombian Peso,Colombia,COP,,170,170,419,19,2,,South America,the Republic of Colombia,Colombia,COLOMBIA,,Americas,Latin America and the Caribbean,World,Bogota,SA,.co,es-CO,3686110,Colombia,F8,https://www.wikidata.org/wiki/Q739
COM,269,COM,cq,Yes,174,58,CN,IC,KM,COM,COM,KM,la Unión de las Comoras,1,14,Comorian Franc ,Comoros (the),KMF,x,174,174,202,2,0,,Eastern Africa,the Union of the Comoros,Comoros,COMOROS,x,Africa,Sub-Saharan Africa,World,Moroni,AF,.km,"ar,fr-KM",921929,Comoros,F9,https://www.wikidata.org/wiki/Q970
CGO,242,COG,cf,Yes,178,59,CF,CG,CG,COG,CGO,RCB,la República del Congo,1,17,CFA Franc BEAC,Congo (the),XAF,,950,178,202,2,0,,Middle Africa,the Republic of the Congo,Congo,CONGO,,Africa,Sub-Saharan Africa,World,Brazzaville,AF,.cg,"fr-CG,kg,ln-CG",2260494,Congo - Brazzaville,G0,https://www.wikidata.org/wiki/Q971
COK,682,COK,cw,Associated with NZ,184,60,CW,KU,CK,CKH,COK,NZ,las Islas Cook **,1,,New Zealand Dollar,Cook Islands (the) **,NZD,x,554,184,61,9,2,,,the Cook Islands **,Cook Islands,COOK ISLANDS,,Oceania,Polynesia,World,Avarua,OC,.ck,"en-CK,mi",1899402,Kepulauan Cook,G1,https://www.wikidata.org/wiki/Q26988
CRC,506,CRI,cr,Yes,188,61,CS,CS,CR,CTR,CRC,CR,la República de Costa Rica,1,13,Costa Rican Colon,Costa Rica,CRC,,188,188,419,19,2,,Central America,the Republic of Costa Rica,Costa Rica,COSTA RICA,,Americas,Latin America and the Caribbean,World,San Jose,NA,.cr,"es-CR,en",3624060,Costa Rica,G2,https://www.wikidata.org/wiki/Q800
CRO,385,HRV,ci,Yes,191,62,HR,RH,HR,HRV,CRO,HR,la República de Croacia,1,,Euro,Croatia,EUR,,978,191,39,150,2,,,the Republic of Croatia,Croatia,CROATIA,,Europe,Southern Europe,World,Zagreb,EU,.hr,"hr-HR,sr",3202326,Croatia,1M,https://www.wikidata.org/wiki/Q224
CUB,53,CUB,cu,Yes,192,63,CU,CU,CU,CUB,CUB,C,la República de Cuba,1,29,Cuban Peso,Cuba,CUP,x,192,192,419,19,2,,Caribbean,the Republic of Cuba,Cuba,CUBA,,Americas,Latin America and the Caribbean,World,Havana,NA,.cu,"es-CU,pap",3562981,Cuba,G3,https://www.wikidata.org/wiki/Q241
,599,CUW,co,Part of NL,531,,UC,,CW,,,,,1,29,Caribbean Guilder,,XCG,x,532,531,419,19,2,,Caribbean,,Curaçao,CURAÇAO,,Americas,Latin America and the Caribbean,World, Willemstad,NA,.cw,"nl,pap",7626836,Curacao,,https://www.wikidata.org/wiki/Q25279
CYP,357,CYP,cy,Yes,196,64,CY,CY,CY,CYP,CYP,CY,la República de Chipre,1,,Euro,Cyprus,EUR,,978,196,145,142,2,,,the Republic of Cyprus,Cyprus,CYPRUS,,Asia,Western Asia,World,Nicosia,EU,.cy,"el-CY,tr-CY,en",146669,Cyprus,G4,https://www.wikidata.org/wiki/Q229
CZE,420,CZE,xr,Yes,203,65,EZ,CZ,CZ,CZE,CZE,CZ,la República Checa,1,,Czech Koruna,Czechia,CZK,,203,203,151,150,2,,,the Czech Republic,Czechia,CZECHIA,,Europe,Eastern Europe,World,Prague,EU,.cz,"cs,sk",3077311,Czechia,,https://www.wikidata.org/wiki/Q213
PRK,850,PRK,kn,Yes,408,67,KN,KR,KP,KRE,PRK, ,la República Popular Democrática de Corea,1,,North Korean Won,Democratic People's Republic of Korea (the),KPW,,408,408,30,142,2,,,the Democratic People's Republic of Korea,Democratic People's Republic of Korea,KOREA (THE DEMOCRATIC PEOPLE’S REPUBLIC OF),,Asia,Eastern Asia,World,Pyongyang,AS,.kp,ko-KP,1873107,Korea Utara,,https://www.wikidata.org/wiki/Q423
COD,243,COD,cg,Yes,180,68,CG,ZR,CD,COD,COD,ZRE,la República Democrática del Congo,1,17,Congolese Franc,Democratic Republic of the Congo (the),CDF,,976,180,202,2,2,,Middle Africa,the Democratic Republic of the Congo,Democratic Republic of the Congo,CONGO (THE DEMOCRATIC REPUBLIC OF THE),x,Africa,Sub-Saharan Africa,World,Kinshasa,AF,.cd,"fr-CD,ln,ktu,kg,sw,lua",203312,Congo - Kinshasa,,https://www.wikidata.org/wiki/Q974
DEN,45,DNK,dk,Yes,208,69,DA,DN,DK,DNK,DEN,DK,el Reino de Dinamarca,1,,Danish Krone,Denmark,DKK,,208,208,154,150,2,,,the Kingdom of Denmark,Denmark,DENMARK,,Europe,Northern Europe,World,Copenhagen,EU,.dk,"da-DK,en,fo,de-DK",2623032,Denmark,G7,https://www.wikidata.org/wiki/Q35
DJI,253,DJI,ft,Yes,262,70,DJ,DJ,DJ,DJI,DJI,F,la República de Djibouti,1,14,Djibouti Franc,Djibouti,DJF,,262,262,202,2,0,,Eastern Africa,the Republic of Djibouti,Djibouti,DJIBOUTI,x,Africa,Sub-Saharan Africa,World,Djibouti,AF,.dj,"fr-DJ,ar,so-DJ,aa",223816,Djibouti,1G,https://www.wikidata.org/wiki/Q977
DMA,1-767,DMA,dq,Yes,212,71,DO,DO,DM,DMA,DMA,WD,el Commonwealth de Dominica,1,29,East Caribbean Dollar,Dominica,XCD,x,951,212,419,19,2,,Caribbean,the Commonwealth of Dominica,Dominica,DOMINICA,,Americas,Latin America and the Caribbean,World,Roseau,NA,.dm,en-DM,3575830,Dominica,G9,https://www.wikidata.org/wiki/Q784
DOM,"1-809,1-829,1-849",DOM,dr,Yes,214,72,DR,DR,DO,DOM,DOM,DOM,la República Dominicana,1,29,Dominican Peso,Dominican Republic (the),DOP,x,214,214,419,19,2,,Caribbean,the Dominican Republic,Dominican Republic,DOMINICAN REPUBLIC,,Americas,Latin America and the Caribbean,World,Santo Domingo,NA,.do,es-DO,3508796,Republik Dominica,G8,https://www.wikidata.org/wiki/Q786
ECU,593,ECU,ec,Yes,218,73,EC,EQ,EC,EQA,ECU,EC,la República del Ecuador,1,5,US Dollar,Ecuador,USD,,840,218,419,19,2,,South America,the Republic of Ecuador,Ecuador,ECUADOR,,Americas,Latin America and the Caribbean,World,Quito,SA,.ec,es-EC,3658394,Ecuador,H1,https://www.wikidata.org/wiki/Q736
EGY,20,EGY,ua,Yes,818,40765,EG,EG,EG,EGY,EGY,ET,la República Árabe de Egipto,1,,Egyptian Pound,Egypt,EGP,,818,818,15,2,2,,,the Arab Republic of Egypt,Egypt,EGYPT,,Africa,Northern Africa,World,Cairo,AF,.eg,"ar-EG,en,fr",357994,Mesir,H2,https://www.wikidata.org/wiki/Q79
SLV,503,SLV,es,Yes,222,75,ES,ES,SV,SLV,ESA,ES,la República de El Salvador,1,13,"El Salvador Colon,US Dollar",El Salvador,"SVC,USD",,222840,222,419,19,"2,2",,Central America,the Republic of El Salvador,El Salvador,EL SALVADOR,,Americas,Latin America and the Caribbean,World,San Salvador,NA,.sv,es-SV,3585968,El Salvador,H3,https://www.wikidata.org/wiki/Q792
EQG,240,GNQ,eg,Yes,226,76,EK,GQ,GQ,GNE,GEQ,EQ,la República de Guinea Ecuatorial,1,17,CFA Franc BEAC,Equatorial Guinea,XAF,,950,226,202,2,0,,Middle Africa,the Republic of Equatorial Guinea,Equatorial Guinea,EQUATORIAL GUINEA,,Africa,Sub-Saharan Africa,World,Malabo,AF,.gq,"es-GQ,fr,pt",2309096,Guinea Khatulistiwa,H4,https://www.wikidata.org/wiki/Q983
ERI,291,ERI,ea,Yes,232,77,ER, ,ER,ERI,ERI,ER,el Estado de Eritrea,1,14,Nakfa,Eritrea,ERN,,232,232,202,2,2,,Eastern Africa,the State of Eritrea,Eritrea,ERITREA,x,Africa,Sub-Saharan Africa,World,Asmara,AF,.er,"aa-ER,ar,tig,kun,ti-ER",338010,Eritrea,1J,https://www.wikidata.org/wiki/Q986
EST,372,EST,er,Yes,233,78,EN,EO,EE,EST,EST,EST,la República de Estonia,1,,Euro,Estonia,EUR,,978,233,154,150,2,,,the Republic of Estonia,Estonia,ESTONIA,,Europe,Northern Europe,World,Tallinn,EU,.ee,"et,ru",453733,Estonia,1H,https://www.wikidata.org/wiki/Q191
SWZ,268,SWZ,sq,Yes,748,235,WZ,SV,SZ,SWZ,SWZ,SD,el Reino de Eswatini,1,18,Lilangeni,Eswatini,SZL,,748,748,202,2,2,x,Southern Africa,the Kingdom of Eswatini,Eswatini,ESWATINI,,Africa,Sub-Saharan Africa,World,Mbabane,AF,.sz,"en-SZ,ss-SZ",934841,Eswatini,,https://www.wikidata.org/wiki/Q1050
ETH,251,ETH,et,Yes,231,79,ET,ET,ET,ETH,ETH,ETH,la República Democrática Federal de Etiopía,1,14,Ethiopian Birr,Ethiopia,ETB,,230,231,202,2,2,x,Eastern Africa,the Federal Democratic Republic of Ethiopia,Ethiopia,ETHIOPIA,x,Africa,Sub-Saharan Africa,World,Addis Ababa,AF,.et,"am,en-ET,om-ET,ti-ET,so-ET,sid",337996,Ethiopia,H5,https://www.wikidata.org/wiki/Q115
FLK,500,FLK,fk,Territory of GB,238,81,FK,FK,FK,FLK,FLK, ,,1,5,Falkland Islands Pound,,FKP,,238,238,419,19,2,,South America,,Falkland Islands,FALKLAND ISLANDS [MALVINAS],,Americas,Latin America and the Caribbean,World,Stanley,SA,.fk,en-FK,3474414,Kepulauan Falkland,,https://www.wikidata.org/wiki/Q9648
FRO,298,FRO,fa,Part of DK,234,82,FO,FA,FO,FRO,FAR,FO,,1,,Danish Krone,,DKK,,208,234,154,150,2,,,,Faroe Islands,FAROE ISLANDS,,Europe,Northern Europe,World,Torshavn,EU,.fo,"fo,da-FO",2622320,Kepulauan Faroe,H6,https://www.wikidata.org/wiki/Q4628
FIJ,679,FJI,fj,Yes,242,83,FJ,FJ,FJ,FJI,FIJ,FJI,la República de Fiji,1,,Fiji Dollar,Fiji,FJD,x,242,242,54,9,2,,,the Republic of Fiji,Fiji,FIJI,,Oceania,Melanesia,World,Suva,OC,.fj,"en-FJ,fj",2205218,Fiji,H8,https://www.wikidata.org/wiki/Q712
FIN,358,FIN,fi,Yes,246,84,FI,FI,FI,FIN,FIN,FIN,la República de Finlandia,1,,Euro,Finland,EUR,,978,246,154,150,2,,,the Republic of Finland,Finland,FINLAND,,Europe,Northern Europe,World,Helsinki,EU,.fi,"fi-FI,sv-FI,smn",660013,Finland,H9,https://www.wikidata.org/wiki/Q33
FRA,33,FRA,fr,Yes,250,85,FR,FR,FR,F,FRA,F,la República Francesa,1,,Euro,France,EUR,,978,250,155,150,2,,,the French Republic,France,FRANCE,,Europe,Western Europe,World,Paris,EU,.fr,"fr-FR,frp,br,co,ca,eu,oc",3017382,Perancis,I0,https://www.wikidata.org/wiki/Q142
GUF,594,GUF,fg,Part of FR,254,86,FG,FG,GF,GUF,FGU,F,,1,5,Euro,,EUR,,978,254,419,19,2,,South America,,French Guiana,FRENCH GUIANA,,Americas,Latin America and the Caribbean,World,Cayenne,SA,.gf,fr-GF,3381670,Guiana Perancis,I3,https://www.wikidata.org/wiki/Q3769
TAH2,689,PYF,fp,Territory of FR,258,87,FP,PF,PF,OCE,FPO,F,,1,,CFP Franc,,XPF,x,953,258,61,9,0,,,,French Polynesia,FRENCH POLYNESIA,,Oceania,Polynesia,World,Papeete,OC,.pf,"fr-PF,ty",4030656,Polinesia Perancis,I4,https://www.wikidata.org/wiki/Q30971
,262,ATF,fs,Territory of FR,260,88,FS, ,TF, , ,F,,1,14,Euro,,EUR,,978,260,202,2,2,,Eastern Africa,,French Southern Territories,FRENCH SOUTHERN TERRITORIES,,Africa,Sub-Saharan Africa,World,Port-aux-Francais,AN,.tf,fr,1546748,Wilayah Selatan Perancis,2C,https://www.wikidata.org/wiki/Q129003
GAB,241,GAB,go,Yes,266,89,GB,GO,GA,GAB,GAB,G,la República Gabonesa,1,17,CFA Franc BEAC,Gabon,XAF,,950,266,202,2,0,,Middle Africa,the Gabonese Republic,Gabon,GABON,,Africa,Sub-Saharan Africa,World,Libreville,AF,.ga,fr-GA,2400553,Gabon,I5,https://www.wikidata.org/wiki/Q1000
GAM,220,GMB,gm,Yes,270,90,GA,GB,GM,GMB,GAM,WAG,la República de Gambia,1,11,Dalasi,Gambia (the),GMD,,270,270,202,2,2,,Western Africa,the Republic of the Gambia,Gambia,GAMBIA,x,Africa,Sub-Saharan Africa,World,Banjul,AF,.gm,"en-GM,mnk,wof,wo,ff",2413451,Gambia,I6,https://www.wikidata.org/wiki/Q1005
GEO,995,GEO,gs,Yes,268,92,GG,GG,GE,GEO,GEO,GE,Georgia,1,,Lari,Georgia,GEL,,981,268,145,142,2,,,Georgia,Georgia,GEORGIA,,Asia,Western Asia,World,Tbilisi,AS,.ge,"ka,ru,hy,az",614540,Georgia,2Q,https://www.wikidata.org/wiki/Q230
GER,49,DEU,gw,Yes,276,93,GM,DL,DE,D,GER,D,la República Federal de Alemania,1,,Euro,Germany,EUR,,978,276,155,150,2,,,the Federal Republic of Germany,Germany,GERMANY,,Europe,Western Europe,World,Berlin,EU,.de,de,2921044,Jerman,2M,https://www.wikidata.org/wiki/Q183
GHA,233,GHA,gh,Yes,288,94,GH,GH,GH,GHA,GHA,GH,la República de Ghana,1,11,Ghana Cedi,Ghana,GHS,,936,288,202,2,2,,Western Africa,the Republic of Ghana,Ghana,GHANA,,Africa,Sub-Saharan Africa,World,Accra,AF,.gh,"en-GH,ak,ee,tw",2300660,Ghana,J0,https://www.wikidata.org/wiki/Q117
GBZ,350,GIB,gi,Territory of GB,292,95,GI,GI,GI,GIB,GIB,GBZ,,1,,Gibraltar Pound,,GIP,,292,292,39,150,2,,,,Gibraltar,GIBRALTAR,,Europe,Southern Europe,World,Gibraltar,EU,.gi,"en-GI,es,it,pt",2411586,Gibraltar,J1,https://www.wikidata.org/wiki/Q1410
GRE,30,GRC,gr,Yes,300,97,GR,GR,GR,GRC,GRE,GR,la República Helénica,1,,Euro,Greece,EUR,,978,300,39,150,2,,,the Hellenic Republic,Greece,GREECE,,Europe,Southern Europe,World,Athens,EU,.gr,"el-GR,en,fr",390903,Greece,J3,https://www.wikidata.org/wiki/Q41
GRL,299,GRL,gl,Part of DK,304,98,GL,GL,GL,GRL,GRL,DK,,1,,Danish Krone,,DKK,,208,304,21,19,2,,,,Greenland,GREENLAND,,Americas,Northern America,World,Nuuk,NA,.gl,"kl,da-GL,en",3425505,Greenland,J4,https://www.wikidata.org/wiki/Q223
GRN,1-473,GRD,gd,Yes,308,99,GJ,GD,GD,GRD,GRN,WG,Granada,1,29,East Caribbean Dollar,Grenada,XCD,x,951,308,419,19,2,,Caribbean,Grenada,Grenada,GRENADA,,Americas,Latin America and the Caribbean,World,St. George's,NA,.gd,en-GD,3580239,Grenada,J5,https://www.wikidata.org/wiki/Q769
GLP,590,GLP,gp,Part of FR,312,100,GP,MF,GP,GDL,GUD,F,,1,29,Euro,,EUR,,978,312,419,19,2,,Caribbean,,Guadeloupe,GUADELOUPE,,Americas,Latin America and the Caribbean,World,Basse-Terre,NA,.gp,fr-GP,3579143,Guadeloupe,J6,https://www.wikidata.org/wiki/Q17012
GUM,1-671,GUM,gu,Territory of US,316,101,GQ,GM,GU,GUM,GUM,USA,,1,,US Dollar,,USD,x,840,316,57,9,2,,,,Guam,GUAM,,Oceania,Micronesia,World,Hagatna,OC,.gu,"en-GU,ch-GU",4043988,Guam,GU,https://www.wikidata.org/wiki/Q16635
GUA,502,GTM,gt,Yes,320,103,GT,GU,GT,GTM,GUA,GCA,la República de Guatemala,1,13,Quetzal,Guatemala,GTQ,,320,320,419,19,2,,Central America,the Republic of Guatemala,Guatemala,GUATEMALA,,Americas,Latin America and the Caribbean,World,Guatemala City,NA,.gt,es-GT,3595528,Guatemala,J8,https://www.wikidata.org/wiki/Q774
GBG,44,GGY,uik,Crown dependency of GB,831,104,GK, ,GG, , ,GBG,,1,,Pound Sterling,,GBP,,826,831,154,150,2,,,,Guernsey,GUERNSEY,,Europe,Northern Europe,World,St Peter Port,EU,.gg,"en,nrf",3042362,Guernsey,Y7,https://www.wikidata.org/wiki/Q25230
GUI,224,GIN,gv,Yes,324,106,GV,GN,GN,GUI,GUI,RG,la República de Guinea,1,11,Guinean Franc,Guinea,GNF,,324,324,202,2,0,,Western Africa,the Republic of Guinea,Guinea,GUINEA,x,Africa,Sub-Saharan Africa,World,Conakry,AF,.gn,fr-GN,2420477,Guinea,J9,https://www.wikidata.org/wiki/Q1006
GNB,245,GNB,pg,Yes,624,105,PU,GW,GW,GNB,GBS,GW,la República de Guinea-Bissau,1,11,CFA Franc BCEAO,Guinea-Bissau,XOF,x,952,624,202,2,0,,Western Africa,the Republic of Guinea-Bissau,Guinea-Bissau,GUINEA-BISSAU,x,Africa,Sub-Saharan Africa,World,Bissau,AF,.gw,"pt-GW,pov",2372248,Guinea Bissau,S0,https://www.wikidata.org/wiki/Q1007
GUY,592,GUY,gy,Yes,328,107,GY,GY,GY,GUY,GUY,GUY,la República Cooperativa de Guyana,1,5,Guyana Dollar,Guyana,GYD,x,328,328,419,19,2,,South America,the Co-operative Republic of Guyana,Guyana,GUYANA,,Americas,Latin America and the Caribbean,World,Georgetown,SA,.gy,en-GY,3378535,Guyana,K0,https://www.wikidata.org/wiki/Q734
HAI,509,HTI,ht,Yes,332,108,HA,HA,HT,HTI,HAI,RH,la República de Haití,1,29,"Gourde,US Dollar",Haiti,"HTG,USD",x,332840,332,419,19,"2,2",,Caribbean,the Republic of Haiti,Haiti,HAITI,x,Americas,Latin America and the Caribbean,World,Port-au-Prince,NA,.ht,"ht,fr-HT",3723988,Haiti,K1,https://www.wikidata.org/wiki/Q790
,672,HMD,hm,Territory of AU,334,109,HM, ,HM, , ,AUS,,1,,Australian Dollar,,AUD,,36,334,53,9,2,,,,Heard Island and McDonald Islands,HEARD ISLAND AND MCDONALD ISLANDS,,Oceania,Australia and New Zealand,World,,AN,.hm,,1547314,Kepulauan Heard & McDonald,K4,https://www.wikidata.org/wiki/Q131198
VAT,39-06,VAT,vc,Yes,336,110,VT, ,VA,CVA, ,V,la Santa Sede *,1,,Euro,Holy See (the) *,EUR,,978,336,39,150,2,,,the Holy See *,Holy See,HOLY SEE,,Europe,Southern Europe,World,Vatican City,EU,.va,"la,it,fr",3164670,Kota Vatican,,https://www.wikidata.org/wiki/Q237
HON,504,HND,ho,Yes,340,111,HO,HO,HN,HND,HON, ,la República de Honduras,1,13,Lempira,Honduras,HNL,,340,340,419,19,2,,Central America,the Republic of Honduras,Honduras,HONDURAS,,Americas,Latin America and the Caribbean,World,Tegucigalpa,NA,.hn,"es-HN,cab,miq",3608932,Honduras,K2,https://www.wikidata.org/wiki/Q783
HUN,36,HUN,hu,Yes,348,113,HU,HU,HU,HNG,HUN,H,Hungría,1,,Forint,Hungary,HUF,,348,348,151,150,2,,,Hungary,Hungary,HUNGARY,,Europe,Eastern Europe,World,Budapest,EU,.hu,hu-HU,719819,Hungary,K5,https://www.wikidata.org/wiki/Q28
ISL,354,ISL,ic,Yes,352,114,IC,IL,IS,ISL,ISL,IS,la República de Islandia,1,,Iceland Krona,Iceland,ISK,,352,352,154,150,0,,,the Republic of Iceland,Iceland,ICELAND,,Europe,Northern Europe,World,Reykjavik,EU,.is,"is,en,de,da,sv,no",2629691,Iceland,K6,https://www.wikidata.org/wiki/Q189
IND,91,IND,ii,Yes,356,115,IN,IN,IN,IND,IND,IND,la República de la India,1,,Indian Rupee,India,INR,,356,356,34,142,2,,,the Republic of India,India,INDIA,,Asia,Southern Asia,World,New Delhi,AS,.in,"en-IN,hi,bn,te,mr,ta,ur,gu,kn,ml,or,pa,as,bh,sat,ks,ne,sd,kok,doi,mni,sit,sa,fr,lus,inc",1269750,India,K7,https://www.wikidata.org/wiki/Q668
IDN,62,IDN,io,Yes,360,116,ID,ID,ID,INS,INA,RI,la República de Indonesia,1,,Rupiah,Indonesia,IDR,,360,360,35,142,2,,,the Republic of Indonesia,Indonesia,INDONESIA,,Asia,South-eastern Asia,World,Jakarta,AS,.id,"id,en,nl,jv",1643084,Indonesia,K8,https://www.wikidata.org/wiki/Q252
IRN,98,IRN,ir,Yes,364,117,IR,IR,IR,IRN,IRI,IR,la República Islámica del Irán,1,,Iranian Rial,Iran (Islamic Republic of),IRR,,364,364,34,142,2,,,the Islamic Republic of Iran,Iran (Islamic Republic of),IRAN (ISLAMIC REPUBLIC OF),,Asia,Southern Asia,World,Tehran,AS,.ir,"fa-IR,ku",130758,Iran,,https://www.wikidata.org/wiki/Q794
IRQ,964,IRQ,iq,Yes,368,118,IZ,IQ,IQ,IRQ,IRQ,IRQ,la República del Iraq,1,,Iraqi Dinar,Iraq,IQD,,368,368,145,142,3,,,the Republic of Iraq,Iraq,IRAQ,,Asia,Western Asia,World,Baghdad,AS,.iq,"ar-IQ,ku,hy",99237,Iraq,L0,https://www.wikidata.org/wiki/Q796
IRL,353,IRL,ie,Yes,372,119,EI,IE,IE,IRL,IRL,IRL,Irlanda,1,,Euro,Ireland,EUR,,978,372,154,150,2,,,Ireland,Ireland,IRELAND,,Europe,Northern Europe,World,Dublin,EU,.ie,"en-IE,ga-IE",2963597,Ireland,L2,https://www.wikidata.org/wiki/Q27
GBM,44,IMN,uik,Crown dependency of GB,833,120,IM, ,IM, , ,GBM,,1,,Pound Sterling,,GBP,,826,833,154,150,2,,,,Isle of Man,ISLE OF MAN,,Europe,Northern Europe,World,Douglas,EU,.im,"en,gv",3042225,Isle of Man,Y8,https://www.wikidata.org/wiki/Q9676
ISR,972,ISR,is,Yes,376,121,IS,IS,IL,ISR,ISR,IL,el Estado de Israel,1,,New Israeli Sheqel,Israel,ILS,,376,376,145,142,2,,,the State of Israel,Israel,ISRAEL,,Asia,Western Asia,World,Jerusalem,AS,.il,"he,ar-IL,en-IL,",294640,Israel,L3,https://www.wikidata.org/wiki/Q801
ITA,39,ITA,it,Yes,380,122,IT,IY,IT,I,ITA,I,la República Italiana,1,,Euro,Italy,EUR,,978,380,39,150,2,,,the Republic of Italy,Italy,ITALY,,Europe,Southern Europe,World,Rome,EU,.it,"it-IT,de-IT,fr-IT,sc,ca,co,sl",3175395,Itali,L6,https://www.wikidata.org/wiki/Q38
CIV,225,CIV,iv,Yes,384,66,IV,IV,CI,CTI,CIV,CI,,1,11,CFA Franc BCEAO,,XOF,,952,384,202,2,0,,Western Africa,,Ivory Coast,CÔTE D'IVOIRE,,Africa,Sub-Saharan Africa,World,Yamoussoukro,AF,.ci,fr-CI,2287781,Cote d’Ivoire,,https://www.wikidata.org/wiki/Q1008
JAM,1-876,JAM,jm,Yes,388,123,JM,JM,JM,JMC,JAM,JA,Jamaica,1,29,Jamaican Dollar,Jamaica,JMD,x,388,388,419,19,2,,Caribbean,Jamaica,Jamaica,JAMAICA,,Americas,Latin America and the Caribbean,World,Kingston,NA,.jm,en-JM,3489940,Jamaica,L8,https://www.wikidata.org/wiki/Q766
JPN,81,JPN,ja,Yes,392,126,JA,JP,JP,J,JPN,J,el Japón,1,,Yen,Japan,JPY,,392,392,30,142,0,,,Japan,Japan,JAPAN,,Asia,Eastern Asia,World,Tokyo,AS,.jp,ja,1861060,Jepun,M0,https://www.wikidata.org/wiki/Q17
GBJ,44,JEY,uik,Crown dependency of GB,832,128,JE, ,JE, , ,GBJ,,1,,Pound Sterling,,GBP,,826,832,154,150,2,,,,Jersey,JERSEY,,Europe,Northern Europe,World,Saint Helier,EU,.je,"en,fr,nrf",3042142,Jersey,Y9,https://www.wikidata.org/wiki/Q785
JOR,962,JOR,jo,Yes,400,130,JO,JD,JO,JOR,JOR,HKJ,el Reino Hachemita de Jordania,1,,Jordanian Dinar,Jordan,JOD,,400,400,145,142,3,,,the Hashemite Kingdom of Jordan,Jordan,JORDAN,,Asia,Western Asia,World,Amman,AS,.jo,"ar-JO,en",248816,Jordan,M2,https://www.wikidata.org/wiki/Q810
KAZ,7,KAZ,kz,Yes,398,132,KZ,KZ,KZ,KAZ,KAZ,KZ,la República de Kazajstán,1,,Tenge,Kazakhstan,KZT,,398,398,143,142,2,x,,the Republic of Kazakhstan,Kazakhstan,KAZAKHSTAN,,Asia,Central Asia,World,Nur-Sultan,AS,.kz,"kk,ru",1522867,Kazakhstan,,https://www.wikidata.org/wiki/Q232
KEN,254,KEN,ke,Yes,404,133,KE,KN,KE,KEN,KEN,EAK,la República de Kenya,1,14,Kenyan Shilling,Kenya,KES,,404,404,202,2,2,,Eastern Africa,the Republic of Kenya,Kenya,KENYA,,Africa,Sub-Saharan Africa,World,Nairobi,AF,.ke,"en-KE,sw-KE",192950,Kenya,M3,https://www.wikidata.org/wiki/Q114
KIR,686,KIR,gb,Yes,296,135,KR,KB,KI,KIR,KIR, ,la República de Kiribati,1,,Australian Dollar,Kiribati,AUD,x,36,296,57,9,2,,,the Republic of Kiribati,Kiribati,KIRIBATI,x,Oceania,Micronesia,World,Tarawa,OC,.ki,"en-KI,gil",4030945,Kiribati,J2,https://www.wikidata.org/wiki/Q710
KUW,965,KWT,ku,Yes,414,137,KU,KW,KW,KWT,KUW,KWT,el Estado de Kuwait,1,,Kuwaiti Dinar,Kuwait,KWD,,414,414,145,142,3,,,the State of Kuwait,Kuwait,KUWAIT,,Asia,Western Asia,World,Kuwait City,AS,.kw,"ar-KW,en",285570,Kuwait,M6,https://www.wikidata.org/wiki/Q817
KGZ,996,KGZ,kg,Yes,417,138,KG,KG,KG,KGZ,KGZ,KS,la República Kirguisa,1,,Som,Kyrgyzstan,KGS,,417,417,143,142,2,x,,the Kyrgyz Republic,Kyrgyzstan,KYRGYZSTAN,,Asia,Central Asia,World,Bishkek,AS,.kg,"ky,uz,ru",1527747,Kyrgyzstan,1N,https://www.wikidata.org/wiki/Q813
LAO,856,LAO,ls,Yes,418,139,LA,LA,LA,LAO,LAO,LAO,la República Democrática Popular Lao,1,,Lao Kip,Lao People's Democratic Republic (the),LAK,,418,418,35,142,2,x,,the Lao People's Democratic Republic,Lao People's Democratic Republic,LAO PEOPLE’S DEMOCRATIC REPUBLIC,x,Asia,South-eastern Asia,World,Vientiane,AS,.la,"lo,fr,en",1655842,Laos,,https://www.wikidata.org/wiki/Q819
LVA,371,LVA,lv,Yes,428,140,LG,LV,LV,LVA,LAT,LV,la República de Letonia,1,,Euro,Latvia,EUR,,978,428,154,150,2,,,the Republic of Latvia,Latvia,LATVIA,,Europe,Northern Europe,World,Riga,EU,.lv,"lv,ru,lt",458258,Latvia,1R,https://www.wikidata.org/wiki/Q211
LIB,961,LBN,le,Yes,422,141,LE,LB,LB,LBN,LIB,RL,la República Libanesa,1,,Lebanese Pound,Lebanon,LBP,,422,422,145,142,2,,,the Lebanese Republic,Lebanon,LEBANON,,Asia,Western Asia,World,Beirut,AS,.lb,"ar-LB,fr-LB,en,hy",272103,Lubnan,M8,https://www.wikidata.org/wiki/Q822
LES,266,LSO,lo,Yes,426,142,LT,LS,LS,LSO,LES,LS,el Reino de Lesotho,1,18,"Loti,Rand",Lesotho,"LSL,ZAR",,426710,426,202,2,"2,2",x,Southern Africa,the Kingdom of Lesotho,Lesotho,LESOTHO,x,Africa,Sub-Saharan Africa,World,Maseru,AF,.ls,"en-LS,st,zu,xh",932692,Lesotho,M9,https://www.wikidata.org/wiki/Q1013
LBR,231,LBR,lb,Yes,430,144,LI,LI,LR,LBR,LBR,LB,la República de Liberia,1,11,Liberian Dollar,Liberia,LRD,,430,430,202,2,2,,Western Africa,the Republic of Liberia,Liberia,LIBERIA,x,Africa,Sub-Saharan Africa,World,Monrovia,AF,.lr,en-LR,2275384,Liberia,N0,https://www.wikidata.org/wiki/Q1014
LBY,218,LBY,ly,Yes,434,145,LY,LY,LY,LBY,LBA,LAR,el Estado de Libia,1,,Libyan Dinar,Libya,LYD,,434,434,15,2,3,,,the State of Libya,Libya,LIBYA,,Africa,Northern Africa,World,Tripoli,AF,.ly,"ar-LY,it,en",2215636,Libya,,https://www.wikidata.org/wiki/Q1016
LIE,423,LIE,lh,Yes,438,146,LS, ,LI,LIE,LIE,FL,el Principado de Liechtenstein,1,,Swiss Franc,Liechtenstein,CHF,,756,438,155,150,2,,,the Principality of Liechtenstein,Liechtenstein,LIECHTENSTEIN,,Europe,Western Europe,World,Vaduz,EU,.li,de-LI,3042058,Liechtenstein,N2,https://www.wikidata.org/wiki/Q347
LTU,370,LTU,li,Yes,440,147,LH,LT,LT,LTU,LTU,LT,la República de Lituania,1,,Euro,Lithuania,EUR,,978,440,154,150,2,,,the Republic of Lithuania,Lithuania,LITHUANIA,,Europe,Northern Europe,World,Vilnius,EU,.lt,"lt,ru,pl",597427,Lithuania,1Q,https://www.wikidata.org/wiki/Q37
LUX,352,LUX,lu,Yes,442,148,LU,BX,LU,LUX,LUX,L,el Gran Ducado de Luxemburgo,1,,Euro,Luxembourg,EUR,,978,442,155,150,2,,,the Grand Duchy of Luxembourg,Luxembourg,LUXEMBOURG,,Europe,Western Europe,World,Luxembourg,EU,.lu,"lb,de-LU,fr-LU",2960313,Luxembourg,N4,https://www.wikidata.org/wiki/Q32
MAD,261,MDG,mg,Yes,450,150,MA,MG,MG,MDG,MAD,RM,la República de Madagascar,1,14,Malagasy Ariary,Madagascar,MGA,,969,450,202,2,2,,Eastern Africa,the Republic of Madagascar,Madagascar,MADAGASCAR,x,Africa,Sub-Saharan Africa,World,Antananarivo,AF,.mg,"fr-MG,mg",1062947,Madagaskar,N6,https://www.wikidata.org/wiki/Q1019
MWI,265,MWI,mw,Yes,454,152,MI,MW,MW,MWI,MAW,MW,la República de Malawi,1,14,Malawi Kwacha,Malawi,MWK,,454,454,202,2,2,x,Eastern Africa,the Republic of Malawi,Malawi,MALAWI,x,Africa,Sub-Saharan Africa,World,Lilongwe,AF,.mw,"ny,yao,tum,swk",927384,Malawi,N7,https://www.wikidata.org/wiki/Q1020
MAS,60,MYS,my,Yes,458,153,MY,MS,MY,MLA,MAS,MAL,Malasia,1,,Malaysian Ringgit,Malaysia,MYR,,458,458,35,142,2,,,Malaysia,Malaysia,MALAYSIA,,Asia,South-eastern Asia,World,Kuala Lumpur,AS,.my,"ms-MY,en,zh,ta,te,ml,pa,th",1733045,Malaysia,N8,https://www.wikidata.org/wiki/Q833
MDV,960,MDV,xc,Yes,462,154,MV,MV,MV,MLD,MDV,MV,la República de Maldivas,1,,Rufiyaa,Maldives,MVR,x,462,462,34,142,2,,,the Republic of Maldives,Maldives,MALDIVES,,Asia,Southern Asia,World,Male,AS,.mv,"dv,en",1282028,Maldives,N9,https://www.wikidata.org/wiki/Q826
MLI,223,MLI,ml,Yes,466,155,ML,MI,ML,MLI,MLI,RMM,la República de Malí,1,11,CFA Franc BCEAO,Mali,XOF,,952,466,202,2,0,x,Western Africa,the Republic of Mali,Mali,MALI,x,Africa,Sub-Saharan Africa,World,Bamako,AF,.ml,"fr-ML,bm",2453866,Mali,O0,https://www.wikidata.org/wiki/Q912
MLT,356,MLT,mm,Yes,470,156,MT,ML,MT,MLT,MLT,M,la República de Malta,1,,Euro,Malta,EUR,,978,470,39,150,2,,,the Republic of Malta,Malta,MALTA,,Europe,Southern Europe,World,Valletta,EU,.mt,"mt,en-MT",2562770,Malta,O1,https://www.wikidata.org/wiki/Q233
MHL,692,MHL,xe,Yes,584,157,RM,MH,MH,MHL,MSH, ,la República de las Islas Marshall,1,,US Dollar,Marshall Islands (the),USD,x,840,584,57,9,2,,,the Republic of the Marshall Islands,Marshall Islands,MARSHALL ISLANDS,,Oceania,Micronesia,World,Majuro,OC,.mh,"mh,en-MH",2080185,Kepulauan Marshall,1T,https://www.wikidata.org/wiki/Q709
MTQ,596,MTQ,mq,Part of FR,474,158,MB,MR,MQ,MRT,MRT,F,,1,29,Euro,,EUR,,978,474,419,19,2,,Caribbean,,Martinique,MARTINIQUE,,Americas,Latin America and the Caribbean,World,Fort-de-France,NA,.mq,fr-MQ,3570311,Martinique,O2,https://www.wikidata.org/wiki/Q17054
MTN,222,MRT,mu,Yes,478,159,MR,MT,MR,MTN,MTN,RIM,la República Islámica de Mauritania,1,11,Ouguiya,Mauritania,MRU,,929,478,202,2,2,,Western Africa,the Islamic Republic of Mauritania,Mauritania,MAURITANIA,x,Africa,Sub-Saharan Africa,World,Nouakchott,AF,.mr,"ar-MR,fuc,snk,fr,mey,wo",2378080,Mauritania,O3,https://www.wikidata.org/wiki/Q1025
MRI,230,MUS,mf,Yes,480,160,MP,MA,MU,MAU,MRI,MS,la República de Mauricio,1,14,Mauritius Rupee,Mauritius,MUR,x,480,480,202,2,2,,Eastern Africa,the Republic of Mauritius,Mauritius,MAURITIUS,,Africa,Sub-Saharan Africa,World,Port Louis,AF,.mu,"en-MU,bho,fr",934292,Mauritius,O4,https://www.wikidata.org/wiki/Q1027
MYT,262,MYT,ot,Part of FR,175,161,MF, ,YT,MYT,MAY, ,,1,14,Euro,,EUR,,978,175,202,2,2,,Eastern Africa,,Mayotte,MAYOTTE,,Africa,Sub-Saharan Africa,World,Mamoudzou,AF,.yt,fr-YT,1024031,Mayotte,2P,https://www.wikidata.org/wiki/Q17063
MEX,52,MEX,mx,Yes,484,162,MX,MX,MX,MEX,MEX,MEX,los Estados Unidos Mexicanos,1,13,Mexican Peso,Mexico,MXN,,484,484,419,19,2,,Central America,the United Mexican States,Mexico,MEXICO,,Americas,Latin America and the Caribbean,World,Mexico City,NA,.mx,es-MX,3996063,Mexico,O5,https://www.wikidata.org/wiki/Q96
FSM,691,FSM,fm,Yes,583,163,FM, ,FM,FSM,FSM, ,los Estados Federados de Micronesia,1,,US Dollar,Micronesia (Federated States of),USD,x,840,583,57,9,2,,,the Federated States of Micronesia,Micronesia (Federated States of),MICRONESIA (FEDERATED STATES OF),,Oceania,Micronesia,World,Palikir,OC,.fm,"en-FM,chk,pon,yap,kos,uli,woe,nkr,kpg",2081918,Micronesia,,https://www.wikidata.org/wiki/Q702
MON,377,MCO,mc,Yes,492,166,MN, ,MC,MCO,MON,MC,el Principado de Mónaco,1,,Euro,Monaco,EUR,,978,492,155,150,2,,,the Principality of Monaco,Monaco,MONACO,,Europe,Western Europe,World,Monaco,EU,.mc,"fr-MC,en,it",2993457,Monaco,O9,https://www.wikidata.org/wiki/Q235
MNG,976,MNG,mp,Yes,496,167,MG,MO,MN,MNG,MGL,MGL,Mongolia,1,,Tugrik,Mongolia,MNT,,496,496,30,142,2,x,,Mongolia,Mongolia,MONGOLIA,,Asia,Eastern Asia,World,Ulaanbaatar,AS,.mn,"mn,ru",2029969,Mongolia,P0,https://www.wikidata.org/wiki/Q711
MNE,382,MNE,mo,Yes,499,2647,MJ, ,ME,MNE,MGO,MNE,Montenegro,1,,Euro,Montenegro,EUR,,978,499,39,150,2,,,Montenegro,Montenegro,MONTENEGRO,,Europe,Southern Europe,World,Podgorica,EU,.me,"sr,hu,bs,sq,hr,rom",3194884,Montenegro,Z5,https://www.wikidata.org/wiki/Q236
MSR,1-664,MSR,mj,Territory of GB,500,168,MH, ,MS,MSR,MNT, ,,1,29,East Caribbean Dollar,,XCD,x,951,500,419,19,2,,Caribbean,,Montserrat,MONTSERRAT,,Americas,Latin America and the Caribbean,World,Plymouth,NA,.ms,en-MS,3578097,Montserrat,P1,https://www.wikidata.org/wiki/Q13353
MAR,212,MAR,mr,Yes,504,169,MO,MC,MA,MRC,MAR,MA,el Reino de Marruecos,1,,Moroccan Dirham,Morocco,MAD,,504,504,15,2,2,,,the Kingdom of Morocco,Morocco,MOROCCO,,Africa,Northern Africa,World,Rabat,AF,.ma,"ar-MA,ber,fr",2542007,Maghribi,P2,https://www.wikidata.org/wiki/Q1028
MOZ,258,MOZ,mz,Yes,508,170,MZ,MZ,MZ,MOZ,MOZ,MOC,la República de Mozambique,1,14,Mozambique Metical,Mozambique,MZN,,943,508,202,2,2,,Eastern Africa,the Republic of Mozambique,Mozambique,MOZAMBIQUE,x,Africa,Sub-Saharan Africa,World,Maputo,AF,.mz,"pt-MZ,vmw",1036973,Mozambique,P3,https://www.wikidata.org/wiki/Q1029
MYA,95,MMR,br,Yes,104,171,BM,BM,MM,MYA,MYA,BUR,la República de la Unión de Myanmar,1,,Kyat,Myanmar,MMK,,104,104,35,142,2,,,the Republic of the Union of Myanmar,Myanmar,MYANMAR,x,Asia,South-eastern Asia,World,Nay Pyi Taw,AS,.mm,my,1327865,Myanmar (Burma),E1,https://www.wikidata.org/wiki/Q836
NAM,264,NAM,sx,Yes,516,172,WA,NM,NA,NMB,NAM,NAM,la República de Namibia,1,18,"Namibia Dollar,Rand",Namibia,"NAD,ZAR",,516710,516,202,2,"2,2",,Southern Africa,the Republic of Namibia,Namibia,NAMIBIA,,Africa,Sub-Saharan Africa,World,Windhoek,AF,.na,"en-NA,af,de,hz,naq",3355338,Namibia,T6,
NRU,674,NRU,nu,Yes,520,173,NR,NW,NR,NRU,NRU,NAU,la República de Nauru,1,,Australian Dollar,Nauru,AUD,x,36,520,57,9,2,,,the Republic of Nauru,Nauru,NAURU,,Oceania,Micronesia,World,Yaren,OC,.nr,"na,en-NR",2110425,Nauru,P5,https://www.wikidata.org/wiki/Q697
NEP,977,NPL,np,Yes,524,175,NP,NP,NP,NPL,NEP,NEP,Nepal,1,,Nepalese Rupee,Nepal,NPR,,524,524,34,142,2,x,,Nepal,Nepal,NEPAL,x,Asia,Southern Asia,World,Kathmandu,AS,.np,"ne,en",1282988,Nepal,P6,https://www.wikidata.org/wiki/Q837
NED,31,NLD,ne,Yes,528,177,NL,NL,NL,HOL,NED,NL,el Reino de los Países Bajos,1,,Euro,Netherlands (the),EUR,,978,528,155,150,2,,,the Kingdom of the Netherlands,Netherlands,NETHERLANDS,,Europe,Western Europe,World,Amsterdam,EU,.nl,"nl-NL,fy-NL",2750405,Belanda,P7,https://www.wikidata.org/wiki/Q29999
NCL,687,NCL,nl,Territory of FR,540,178,NC,NC,NC,NCL,NCD,F,,1,,CFP Franc,,XPF,x,953,540,54,9,0,,,,New Caledonia,NEW CALEDONIA,,Oceania,Melanesia,World,Noumea,OC,.nc,fr-NC,2139685,New Caledonia,1W,https://www.wikidata.org/wiki/Q33788
NZL,64,NZL,nz,Yes,554,179,NZ,NZ,NZ,NZL,NZL,NZ,Nueva Zelandia,1,,New Zealand Dollar,New Zealand,NZD,,554,554,53,9,2,,,New Zealand,New Zealand,NEW ZEALAND,,Oceania,Australia and New Zealand,World,Wellington,OC,.nz,"en-NZ,mi",2186224,New Zealand,Q2,https://www.wikidata.org/wiki/Q664
NCA,505,NIC,nq,Yes,558,180,NU,NK,NI,NCG,NCA,NIC,la República de Nicaragua,1,13,Cordoba Oro,Nicaragua,NIO,,558,558,419,19,2,,Central America,the Republic of Nicaragua,Nicaragua,NICARAGUA,,Americas,Latin America and the Caribbean,World,Managua,NA,.ni,"es-NI,en",3617476,Nicaragua,Q3,https://www.wikidata.org/wiki/Q811
NIG,227,NER,ng,Yes,562,181,NG,NR,NE,NGR,NIG,RN,la República del Níger,1,11,CFA Franc BCEAO,Niger (the),XOF,,952,562,202,2,0,x,Western Africa,the Republic of the Niger,Niger,NIGER,x,Africa,Sub-Saharan Africa,World,Niamey,AF,.ne,"fr-NE,ha,kr,dje",2440476,Niger,Q4,https://www.wikidata.org/wiki/Q1032
NGA,234,NGA,nr,Yes,566,182,NI,NI,NG,NIG,NGR,WAN,la República Federal de Nigeria,1,11,Naira,Nigeria,NGN,,566,566,202,2,2,,Western Africa,the Federal Republic of Nigeria,Nigeria,NIGERIA,,Africa,Sub-Saharan Africa,World,Abuja,AF,.ng,"en-NG,ha,yo,ig,ff",2328926,Nigeria,Q5,https://www.wikidata.org/wiki/Q1033
NIU,683,NIU,xh,Associated with NZ,570,183,NE, ,NU,NIU,NIU,NZ,Niue **,1,,New Zealand Dollar,Niue **,NZD,x,554,570,61,9,2,,,Niue **,Niue,NIUE,,Oceania,Polynesia,World,Alofi,OC,.nu,"niu,en-NU",4036232,Niue,Q6,https://www.wikidata.org/wiki/Q34020
NFK,672,NFK,nx,Territory of AU,574,184,NF,NF,NF,NFK,NFI,AUS,,1,,Australian Dollar,,AUD,,36,574,53,9,2,,,,Norfolk Island,NORFOLK ISLAND,,Oceania,Australia and New Zealand,World,Kingston,OC,.nf,en-NF,2155115,Pulau Norfolk,Q7,https://www.wikidata.org/wiki/Q31057
NMI,1-670,MNP,nw,Commonwealth of US,580,185,CQ,MY,MP,MRA,NMA,USA,,1,,US Dollar,,USD,x,840,580,57,9,2,,,,Northern Mariana Islands,NORTHERN MARIANA ISLANDS,,Oceania,Micronesia,World,Saipan,OC,.mp,"fil,tl,zh,ch-MP,en-MP",4041468,Kepulauan Mariana Utara,1V,https://www.wikidata.org/wiki/Q16644
MKD,389,MKD,xn,Yes,807,241,MK,MJ,MK,MKD,MKD,MK,la República de Macedonia del Norte,1,,Denar,North Macedonia,MKD,,807,807,39,150,2,x,,the Republic of North Macedonia,North Macedonia,NORTH MACEDONIA,,Europe,Southern Europe,World,Skopje,EU,.mk,"mk,sq,tr,rmm,sr",718075,Macedonia Utara,,https://www.wikidata.org/wiki/Q221
NOR,47,NOR,no,Yes,578,186,NO,NO,NO,NOR,NOR,N,el Reino de Noruega,1,,Norwegian Krone,Norway,NOK,,578,578,154,150,2,,,the Kingdom of Norway,Norway,NORWAY,,Europe,Northern Europe,World,Oslo,EU,.no,"no,nb,nn,se,fi",3144096,Norway,Q8,https://www.wikidata.org/wiki/Q20
OMA,968,OMN,mk,Yes,512,187,MU,OM,OM,OMA,OMA, ,la Sultanía de Omán,1,,Rial Omani,Oman,OMR,,512,512,145,142,3,,,the Sultanate of Oman,Oman,OMAN,,Asia,Western Asia,World,Muscat,AS,.om,"ar-OM,en,bal,ur",286963,Oman,P4,https://www.wikidata.org/wiki/Q842
PAK,92,PAK,pk,Yes,586,188,PK,PK,PK,PAK,PAK,PK,la República Islámica del Pakistán,1,,Pakistan Rupee,Pakistan,PKR,,586,586,34,142,2,,,the Islamic Republic of Pakistan,Pakistan,PAKISTAN,,Asia,Southern Asia,World,Islamabad,AS,.pk,"ur-PK,en-PK,pa,sd,ps,brh",1168579,Pakistan,R0,https://www.wikidata.org/wiki/Q843
PLW,680,PLW,pw,Yes,585,189,PS, ,PW,PLW,PLW, ,la República de Palau,1,,US Dollar,Palau,USD,x,840,585,57,9,2,,,the Republic of Palau,Palau,PALAU,,Oceania,Micronesia,World,Melekeok,OC,.pw,"pau,sov,en-PW,tox,ja,fil,zh",1559582,Palau,1Y,https://www.wikidata.org/wiki/Q695
PAN,507,PAN,pn,Yes,591,191,PM,PM,PA,PNR,PAN,PA,la República de Panamá,1,13,"Balboa,US Dollar",Panama,"PAB,USD",,590840,591,419,19,"2,2",,Central America,the Republic of Panama,Panama,PANAMA,,Americas,Latin America and the Caribbean,World,Panama City,NA,.pa,"es-PA,en",3703430,Panama,R1,https://www.wikidata.org/wiki/Q804
PNG,675,PNG,pp,Yes,598,192,PP,NG,PG,PNG,PNG,PNG,el Estado Independiente de Papua Nueva Guinea,1,,Kina,Papua New Guinea,PGK,x,598,598,54,9,2,,,the Independent State of Papua New Guinea,Papua New Guinea,PAPUA NEW GUINEA,,Oceania,Melanesia,World,Port Moresby,OC,.pg,"en-PG,ho,meu,tpi",2088628,Papua New Guinea,R2,https://www.wikidata.org/wiki/Q691
PAR,595,PRY,py,Yes,600,194,PA,PY,PY,PRG,PAR,PY,la República del Paraguay,1,5,Guarani,Paraguay,PYG,,600,600,419,19,0,x,South America,the Republic of Paraguay,Paraguay,PARAGUAY,,Americas,Latin America and the Caribbean,World,Asuncion,SA,.py,"es-PY,gn",3437598,Paraguay,R4,https://www.wikidata.org/wiki/Q733
PER,51,PER,pe,Yes,604,195,PE,PR,PE,PRU,PER,PE,la República del Perú,1,5,Sol,Peru,PEN,,604,604,419,19,2,,South America,the Republic of Peru,Peru,PERU,,Americas,Latin America and the Caribbean,World,Lima,SA,.pe,"es-PE,qu,ay",3932488,Peru,R5,https://www.wikidata.org/wiki/Q419
PHI,63,PHL,ph,Yes,608,196,RP,PH,PH,PHL,PHI,RP,la República de Filipinas,1,,Philippine Peso,Philippines (the),PHP,,608,608,35,142,2,,,the Republic of the Philippines,Philippines,PHILIPPINES,,Asia,South-eastern Asia,World,Manila,AS,.ph,"tl,en-PH,fil,ceb,ilo,hil,war,pam,bik,bcl,pag,mrw,tsg,mdh,cbk,krj,sgd,msb,akl,ibg,yka,mta,abx",1694008,Filipina,R6,https://www.wikidata.org/wiki/Q928
PCN,870,PCN,pc,Territory of GB,612,197,PC,PT,PN,PTC, , ,,1,,New Zealand Dollar,,NZD,,554,612,61,9,2,,,,Pitcairn,PITCAIRN,,Oceania,Polynesia,World,Adamstown,OC,.pn,en-PN,4030699,Kepulauan Pitcairn,R8,https://www.wikidata.org/wiki/Q35672
POL,48,POL,pl,Yes,616,198,PL,PL,PL,POL,POL,PL,la República de Polonia,1,,Zloty,Poland,PLN,,985,616,151,150,2,,,the Republic of Poland,Poland,POLAND,,Europe,Eastern Europe,World,Warsaw,EU,.pl,pl,798544,Poland,R9,https://www.wikidata.org/wiki/Q36
POR,351,PRT,po,Yes,620,199,PO,PO,PT,POR,POR,P,la República Portuguesa,1,,Euro,Portugal,EUR,,978,620,39,150,2,,,the Portuguese Republic,Portugal,PORTUGAL,,Europe,Southern Europe,World,Lisbon,EU,.pt,"pt-PT,mwl",2264397,Portugal,S1,https://www.wikidata.org/wiki/Q45
PUR,1,PRI,pr,Commonwealth of US,630,200,RQ,PU,PR,PTR,PUR,USA,,1,29,US Dollar,,USD,x,840,630,419,19,2,,Caribbean,,Puerto Rico,PUERTO RICO,,Americas,Latin America and the Caribbean,World,San Juan,NA,.pr,"en-PR,es-PR",4566966,Puerto Rico,PR,https://www.wikidata.org/wiki/Q1183
QAT,974,QAT,qa,Yes,634,201,QA,QT,QA,QAT,QAT,Q,el Estado de Qatar,1,,Qatari Rial,Qatar,QAR,,634,634,145,142,2,,,the State of Qatar,Qatar,QATAR,,Asia,Western Asia,World,Doha,AS,.qa,"ar-QA,es",289688,Qatar,S3,https://www.wikidata.org/wiki/Q846
KOR,82,KOR,ko,Yes,410,202,KS,KO,KR,KOR,KOR,ROK,la República de Corea,1,,Won,Republic of Korea (the),KRW,,410,410,30,142,0,,,the Republic of Korea,Republic of Korea,KOREA (THE REPUBLIC OF),,Asia,Eastern Asia,World,Seoul,AS,.kr,"ko-KR,en",1835841,Korea Selatan,,https://www.wikidata.org/wiki/Q884
MDA,373,MDA,mv,Yes,498,165,MD,RM,MD,MDA,MDA,MD,la República de Moldova,1,,Moldovan Leu,Republic of Moldova (the),MDL,,498,498,151,150,2,x,,the Republic of Moldova,Republic of Moldova,MOLDOVA (THE REPUBLIC OF),,Europe,Eastern Europe,World,Chisinau,EU,.md,"ro,ru,gag,tr",617790,Moldova,,https://www.wikidata.org/wiki/Q217
REU,262,REU,re,Part of FR,638,206,RE,RE,RE,REU,REU,F,,1,14,Euro,,EUR,,978,638,202,2,2,,Eastern Africa,,Réunion,RÉUNION,,Africa,Sub-Saharan Africa,World,Saint-Denis,AF,.re,fr-RE,935317,Reunion,,https://www.wikidata.org/wiki/Q17070
ROU,40,ROU,rm,Yes,642,203,RO,RO,RO,ROU,ROU,RO,Rumania,1,,Romanian Leu,Romania,RON,,946,642,151,150,2,,,Romania,Romania,ROMANIA,,Europe,Eastern Europe,World,Bucharest,EU,.ro,"ro,hu,rom",798549,Romania,S5,https://www.wikidata.org/wiki/Q218
RUS,7,RUS,ru,Yes,643,204,RS,RS,RU,RUS,RUS,RUS,la Federación de Rusia,1,,Russian Ruble,Russian Federation (the),RUB,,643,643,151,150,2,,,the Russian Federation,Russian Federation,RUSSIAN FEDERATION,,Europe,Eastern Europe,World,Moscow,EU,.ru,"ru,tt,xal,cau,ady,kv,ce,tyv,cv,udm,tut,mns,bua,myv,mdf,chm,ba,inh,kbd,krc,av,sah,nog",2017370,Rusia,1Z,https://www.wikidata.org/wiki/Q159
RWA,250,RWA,rw,Yes,646,205,RW,RW,RW,RRW,RWA,RWA,la República de Rwanda,1,14,Rwanda Franc,Rwanda,RWF,,646,646,202,2,0,x,Eastern Africa,the Republic of Rwanda,Rwanda,RWANDA,x,Africa,Sub-Saharan Africa,World,Kigali,AF,.rw,"rw,en-RW,fr-RW,sw",49518,Rwanda,S6,https://www.wikidata.org/wiki/Q1037
 ,590,BLM,sc,Part of FR,652,,TB, ,BL, , , ,,1,29,Euro,,EUR,,978,652,419,19,2,,Caribbean,,Saint Barthélemy,SAINT BARTHÉLEMY,,Americas,Latin America and the Caribbean,World,Gustavia,NA,.gp,fr,3578476,St. Barthelemy,,https://www.wikidata.org/wiki/Q25362
SHN,290 n,SHN,xj,Territory of GB,654,207,SH,HE,SH,SHN,HEL,SH,,1,11,Saint Helena Pound,,SHP,,654,654,202,2,2,,Western Africa,,Saint Helena,"SAINT HELENA, ASCENSION AND TRISTAN DA CUNHA",,Africa,Sub-Saharan Africa,World,Jamestown,AF,.sh,en-SH,3370751,Saint Helena,,https://www.wikidata.org/wiki/Q192184
SKN,1-869,KNA,xd,Yes,659,208,SC,AT,KN,KNA,SKN,KN,Saint Kitts y Nevis,1,29,East Caribbean Dollar,Saint Kitts and Nevis,XCD,x,951,659,419,19,2,,Caribbean,Saint Kitts and Nevis,Saint Kitts and Nevis,SAINT KITTS AND NEVIS,,Americas,Latin America and the Caribbean,World,Basseterre,NA,.kn,en-KN,3575174,Saint Kitts dan Nevis,U7,https://www.wikidata.org/wiki/Q763
LCA,1-758,LCA,xk,Yes,662,209,ST,LC,LC,LCA,LCA,WL,Santa Lucía,1,29,East Caribbean Dollar,Saint Lucia,XCD,x,951,662,419,19,2,,Caribbean,Saint Lucia,Saint Lucia,SAINT LUCIA,,Americas,Latin America and the Caribbean,World,Castries,NA,.lc,en-LC,3576468,Saint Lucia,U9,https://www.wikidata.org/wiki/Q760
 ,590,MAF,st,Part of FR,663,,RN, ,MF, , , ,,1,29,Euro,,EUR,,978,663,419,19,2,,Caribbean,,Saint Martin (French Part),SAINT MARTIN (FRENCH PART),,Americas,Latin America and the Caribbean,World,Marigot,NA,.gp,fr,3578421,Saint Martin,,https://www.wikidata.org/wiki/Q126125
SPM,508,SPM,xl,Part of FR,666,210,SB,FP,PM,SPM,SPM,F,,1,,Euro,,EUR,,978,666,21,19,2,,,,Saint Pierre and Miquelon,SAINT PIERRE AND MIQUELON,,Americas,Northern America,World,Saint-Pierre,NA,.pm,fr-PM,3424932,Saint Pierre dan Miquelon,V0,https://www.wikidata.org/wiki/Q34617
VIN,1-784,VCT,xm,Yes,670,211,VC,VG,VC,VCT,VIN,WV,San Vicente y las Granadinas,1,29,East Caribbean Dollar,Saint Vincent and the Grenadines,XCD,x,951,670,419,19,2,,Caribbean,Saint Vincent and the Grenadines,Saint Vincent and the Grenadines,SAINT VINCENT AND THE GRENADINES,,Americas,Latin America and the Caribbean,World,Kingstown,NA,.vc,"en-VC,fr",3577815,Saint Vincent dan Grenadines,V1,https://www.wikidata.org/wiki/Q757
SAM,685,WSM,ws,Yes,882,212,WS,ZM,WS,SMO,SAM,WS,el Estado Independiente de Samoa,1,,Tala,Samoa,WST,x,882,882,61,9,2,,,the Independent State of Samoa,Samoa,SAMOA,,Oceania,Polynesia,World,Apia,OC,.ws,"sm,en-WS",4034894,Samoa,Y0,https://www.wikidata.org/wiki/Q683
SMR,378,SMR,sm,Yes,674,213,SM, ,SM,SMR,SMR,RSM,la República de San Marino,1,,Euro,San Marino,EUR,,978,674,39,150,2,,,the Republic of San Marino,San Marino,SAN MARINO,,Europe,Southern Europe,World,San Marino,EU,.sm,it-SM,3168068,San Marino,S8,https://www.wikidata.org/wiki/Q238
STP,239,STP,sf,Yes,678,214,TP,TP,ST,STP,STP,ST,la República Democrática de Santo Tomé y Príncipe,1,17,Dobra,Sao Tome and Principe,STN,x,930,678,202,2,2,,Middle Africa,the Democratic Republic of Sao Tome and Principe,Sao Tome and Principe,SAO TOME AND PRINCIPE,x,Africa,Sub-Saharan Africa,World,Sao Tome,AF,.st,pt-ST,2410758,Sao Tome dan Principe,S9,https://www.wikidata.org/wiki/Q1039
KSA,966,SAU,su,Yes,682,215,SA,SD,SA,ARS,KSA,SA,el Reino de la Arabia Saudita,1,,Saudi Riyal,Saudi Arabia,SAR,,682,682,145,142,2,,,the Kingdom of Saudi Arabia,Saudi Arabia,SAUDI ARABIA,,Asia,Western Asia,World,Riyadh,AS,.sa,ar-SA,102358,Arab Saudi,T0,https://www.wikidata.org/wiki/Q851
SEN,221,SEN,sg,Yes,686,217,SG,SG,SN,SEN,SEN,SN,la República del Senegal,1,11,CFA Franc BCEAO,Senegal,XOF,,952,686,202,2,0,,Western Africa,the Republic of Senegal,Senegal,SENEGAL,x,Africa,Sub-Saharan Africa,World,Dakar,AF,.sn,"fr-SN,wo,fuc,mnk",2245662,Senegal,T1,https://www.wikidata.org/wiki/Q1041
SRB,381 p,SRB,rb,Yes,688,2648,RIKV,YG,RS,SRB,SRB,SRB,la República de Serbia,1,,Serbian Dinar,Serbia,RSD,,941,688,39,150,2,,,the Republic of Serbia,Serbia,SERBIA,,Europe,Southern Europe,World,Belgrade,EU,.rs,"sr,hu,bs,rom",6290252,Serbia,Z2,https://www.wikidata.org/wiki/Q403
SEY,248,SYC,se,Yes,690,220,SE,SC,SC,SEY,SEY,SY,la República de Seychelles,1,14,Seychelles Rupee,Seychelles,SCR,x,690,690,202,2,2,,Eastern Africa,the Republic of Seychelles,Seychelles,SEYCHELLES,,Africa,Sub-Saharan Africa,World,Victoria,AF,.sc,"en-SC,fr-SC",241170,Seychelles,T2,https://www.wikidata.org/wiki/Q1042
SLE,232,SLE,sl,Yes,694,221,SL,SL,SL,SRL,SLE,WAL,la República de Sierra Leona,1,11,Leone,Sierra Leone,SLE,,925,694,202,2,2,,Western Africa,the Republic of Sierra Leone,Sierra Leone,SIERRA LEONE,x,Africa,Sub-Saharan Africa,World,Freetown,AF,.sl,"en-SL,men,tem",2403846,Sierra Leone,T8,https://www.wikidata.org/wiki/Q1044
SIN,65,SGP,si,Yes,702,222,SN,SR,SG,SNG,SIN,SGP,la República de Singapur,1,,Singapore Dollar,Singapore,SGD,x,702,702,35,142,2,,,the Republic of Singapore,Singapore,SINGAPORE,,Asia,South-eastern Asia,World,Singapore,AS,.sg,"cmn,en-SG,ms-SG,ta-SG,zh-SG",1880251,Singapura,U0,https://www.wikidata.org/wiki/Q334
,1-721,SXM,sn,Part of NL,534,,NN,,SX,,,,,1,29,Caribbean Guilder,,XCG,x,532,534,419,19,2,,Caribbean,,Sint Maarten (Dutch part),SINT MAARTEN (DUTCH PART),,Americas,Latin America and the Caribbean,World,Philipsburg,NA,.sx,"nl,en",7609695,Sint Maarten,,https://www.wikidata.org/wiki/Q26273
SVK,421,SVK,xo,Yes,703,223,LO,SQ,SK,SVK,SVK,SK,la República Eslovaca,1,,Euro,Slovakia,EUR,,978,703,151,150,2,,,the Slovak Republic,Slovakia,SLOVAKIA,,Europe,Eastern Europe,World,Bratislava,EU,.sk,"sk,hu",3057568,Slovakia,2B,https://www.wikidata.org/wiki/Q214
SVN,386,SVN,xv,Yes,705,224,SI,LJ,SI,SVN,SLO,SLO,la República de Eslovenia,1,,Euro,Slovenia,EUR,,978,705,39,150,2,,,the Republic of Slovenia,Slovenia,SLOVENIA,,Europe,Southern Europe,World,Ljubljana,EU,.si,"sl,sh",3190538,Slovenia,2A,https://www.wikidata.org/wiki/Q215
SOL,677,SLB,bp,Yes,90,225,BP,SO,SB,SLM,SOL,SB,las Islas Salomón,1,,Solomon Islands Dollar,Solomon Islands,SBD,x,90,90,54,9,2,,,Solomon Islands,Solomon Islands,SOLOMON ISLANDS,x,Oceania,Melanesia,World,Honiara,OC,.sb,"en-SB,tpi",2103350,Kepulauan Solomon,D7,https://www.wikidata.org/wiki/Q685
SOM,252,SOM,so,Yes,706,226,SO,SI,SO,SOM,SOM,SO,la República Federal de Somalia,1,14,Somali Shilling,Somalia,SOS,,706,706,202,2,2,,Eastern Africa,the Federal Republic of Somalia,Somalia,SOMALIA,x,Africa,Sub-Saharan Africa,World,Mogadishu,AF,.so,"so-SO,ar-SO,it,en-SO",51537,Somalia,U1,https://www.wikidata.org/wiki/Q1045
RSA,27,ZAF,sa,Yes,710,227,SF,ZA,ZA,AFS,RSA,ZA,la República de Sudáfrica,1,18,Rand,South Africa,ZAR,,710,710,202,2,2,,Southern Africa,the Republic of South Africa,South Africa,SOUTH AFRICA,,Africa,Sub-Saharan Africa,World,Pretoria,AF,.za,"zu,xh,af,nso,en-ZA,tn,st,ts,ss,ve,nr",953987,Afrika Selatan,T3,https://www.wikidata.org/wiki/Q258
,500,SGS,xs,Territory of GB,239,228,SX, ,GS, , , ,,1,5,No universal currency,,,,,239,419,19,,,South America,,South Georgia and the South Sandwich Islands,SOUTH GEORGIA AND THE SOUTH SANDWICH ISLANDS,,Americas,Latin America and the Caribbean,World,Grytviken,AN,.gs,en,3474415,Kepulauan Georgia Selatan & Sandwich Selatan,1L,https://www.wikidata.org/wiki/Q35086
,211,SSD,sd,Yes,728,,OD,,SS,SSD,,,la República de Sudán del Sur,1,14,South Sudanese Pound,South Sudan,SSP,,728,728,202,2,2,x,Eastern Africa,the Republic of South Sudan,South Sudan,SOUTH SUDAN,x,Africa,Sub-Saharan Africa,World,Juba,AF,.ss,en,7909807,Sudan Selatan,,https://www.wikidata.org/wiki/Q958
ESP,34,ESP,sp,Yes,724,229,SP,SP,ES,E,ESP,E,el Reino de España,1,,Euro,Spain,EUR,,978,724,39,150,2,,,the Kingdom of Spain,Spain,SPAIN,,Europe,Southern Europe,World,Madrid,EU,.es,"es-ES,ca,gl,eu,oc",2510769,Sepanyol,U3,https://www.wikidata.org/wiki/Q29
SRI,94,LKA,ce,Yes,144,231,CE,SB,LK,CLN,SRI,CL,la República Socialista Democrática de Sri Lanka,1,,Sri Lanka Rupee,Sri Lanka,LKR,,144,144,34,142,2,,,the Democratic Socialist Republic of Sri Lanka,Sri Lanka,SRI LANKA,,Asia,Southern Asia,World,Colombo,AS,.lk,"si,ta,en",1227603,Sri Lanka,F1,https://www.wikidata.org/wiki/Q854
PLE,970,PSE,gzwj,In contention,275,91267,GZWE, ,PS, ,PLE, ,el Estado de Palestina *,1,,No universal currency,State of Palestine (the) *,,,,275,145,142,,,,the State of Palestine *,State of Palestine,"PALESTINE, STATE OF",,Asia,Western Asia,World,East Jerusalem,AS,.ps,ar-PS,6254930,Palestin,,https://www.wikidata.org/wiki/Q219060
SUD,249,SDN,sj,Yes,729,40764,SU,SU,SD,SDN,SUD,SUD,la República del Sudán,1,,Sudanese Pound,Sudan (the),SDG,,938,729,15,2,2,,,the Republic of the Sudan,Sudan,SUDAN,x,Africa,Northern Africa,World,Khartoum,AF,.sd,"ar-SD,en,fia",366755,Sudan,V2,https://www.wikidata.org/wiki/Q1049
SUR,597,SUR,sr,Yes,740,233,NS,SM,SR,SUR,SUR,SME,la República de Suriname,1,5,Surinam Dollar,Suriname,SRD,x,968,740,419,19,2,,South America,the Republic of Suriname,Suriname,SURINAME,,Americas,Latin America and the Caribbean,World,Paramaribo,SA,.sr,"nl-SR,en,srn,hns,jv",3382998,Surinam,V3,https://www.wikidata.org/wiki/Q730
,47,SJM, ,Territory of NO,744,234,SVJN,SZ,SJ,NOR, , ,,1,,Norwegian Krone,,NOK,,578,744,154,150,2,,,,Svalbard and Jan Mayen Islands,SVALBARD AND JAN MAYEN,,Europe,Northern Europe,World,Longyearbyen,EU,.sj,"no,ru",607072,Svalbard dan Jan Mayen,L9,https://www.wikidata.org/wiki/Q842829
SWE,46,SWE,sw,Yes,752,236,SW,SN,SE,S,SWE,S,el Reino de Suecia,1,,Swedish Krona,Sweden,SEK,,752,752,154,150,2,,,the Kingdom of Sweden,Sweden,SWEDEN,,Europe,Northern Europe,World,Stockholm,EU,.se,"sv-SE,se,sma,fi-SE",2661886,Sweden,V7,https://www.wikidata.org/wiki/Q34
SUI,41,CHE,sz,Yes,756,237,SZ,SW,CH,SUI,SUI,CH,la Confederación Suiza,1,,Swiss Franc,Switzerland,CHF,,756,756,155,150,2,,,the Swiss Confederation,Switzerland,SWITZERLAND,,Europe,Western Europe,World,Bern,EU,.ch,"de-CH,fr-CH,it-CH,rm",2658434,Switzerland,V8,https://www.wikidata.org/wiki/Q39
SYR,963,SYR,sy,Yes,760,238,SY,SY,SY,SYR,SYR,SYR,la República Árabe Siria,1,,Syrian Pound,Syrian Arab Republic (the),SYP,,760,760,145,142,2,,,the Syrian Arab Republic,Syrian Arab Republic,SYRIAN ARAB REPUBLIC,,Asia,Western Asia,World,Damascus,AS,.sy,"ar-SY,ku,hy,arc,fr,en",163843,Syria,V9,https://www.wikidata.org/wiki/Q858
TPE,886,TWN,ch,Yes,158,925,TW, ,TW, ,TPE,RC,,1,,New Taiwan Dollar,,TWD,,901,158,30,142,2,,,,Taiwan,TAIWAN (PROVINCE OF CHINA),,Asia,Eastern Asia,World,Taipei,AS,.tw,"zh-TW,zh,nan,hak",1668284,Taiwan,,https://www.wikidata.org/wiki/Q865
TJK,992,TJK,ta,Yes,762,239,TI,TA,TJ,TJK,TJK,TJ,la República de Tayikistán,1,,Somoni,Tajikistan,TJS,,972,762,143,142,2,x,,the Republic of Tajikistan,Tajikistan,TAJIKISTAN,,Asia,Central Asia,World,Dushanbe,AS,.tj,"tg,ru",1220409,Tajikistan,2D,https://www.wikidata.org/wiki/Q863
THA,66,THA,th,Yes,764,240,TH,TH,TH,THA,THA,T,el Reino de Tailandia,1,,Baht,Thailand,THB,,764,764,35,142,2,,,the Kingdom of Thailand,Thailand,THAILAND,,Asia,South-eastern Asia,World,Bangkok,AS,.th,"th,en",1605651,Thailand,W1,https://www.wikidata.org/wiki/Q869
TLS,670,TLS,em,Yes,626,242,TT,TM,TL,TLS,TLS,RI,la República Democrática de Timor-Leste,1,,US Dollar,Timor-Leste,USD,x,840,626,35,142,2,,,the Democratic Republic of Timor-Leste,Timor-Leste,TIMOR-LESTE,x,Asia,South-eastern Asia,World,Dili,OC,.tl,"tet,pt-TL,id,en",1966436,Timor-Leste,Z3,https://www.wikidata.org/wiki/Q574
TOG,228,TGO,tg,Yes,768,243,TO,TG,TG,TGO,TOG,TG,la República Togolesa,1,11,CFA Franc BCEAO,Togo,XOF,,952,768,202,2,0,,Western Africa,the Togolese Republic,Togo,TOGO,x,Africa,Sub-Saharan Africa,World,Lome,AF,.tg,"fr-TG,ee,hna,kbp,dag,ha",2363686,Togo,W2,https://www.wikidata.org/wiki/Q945
TKL,690,TKL,tl,Territory of NZ,772,244,TL,TK,TK,TKL, ,NZ,,1,,New Zealand Dollar,,NZD,,554,772,61,9,2,,,,Tokelau,TOKELAU,,Oceania,Polynesia,World,,OC,.tk,"tkl,en-TK",4031074,Tokelau,W3,https://www.wikidata.org/wiki/Q36823
TGA,676,TON,to,Yes,776,245,TN,TO,TO,TON,TGA,TO,el Reino de Tonga,1,,Pa’anga,Tonga,TOP,x,776,776,61,9,2,,,the Kingdom of Tonga,Tonga,TONGA,,Oceania,Polynesia,World,Nuku'alofa,OC,.to,"to,en-TO",4032283,Tonga,W4,https://www.wikidata.org/wiki/Q678
TRI,1-868,TTO,tr,Yes,780,246,TD,TD,TT,TRD,TTO,TT,la República de Trinidad y Tabago,1,29,Trinidad and Tobago Dollar,Trinidad and Tobago,TTD,x,780,780,419,19,2,,Caribbean,the Republic of Trinidad and Tobago,Trinidad and Tobago,TRINIDAD AND TOBAGO,,Americas,Latin America and the Caribbean,World,Port of Spain,NA,.tt,"en-TT,hns,fr,es,zh",3573591,Trinidad dan Tobago,W5,https://www.wikidata.org/wiki/Q754
TUN,216,TUN,ti,Yes,788,248,TS,TS,TN,TUN,TUN,TN,la República de Túnez,1,,Tunisian Dinar,Tunisia,TND,,788,788,15,2,3,,,the Republic of Tunisia,Tunisia,TUNISIA,,Africa,Northern Africa,World,Tunis,AF,.tn,"ar-TN,fr",2464461,Tunisia,W6,https://www.wikidata.org/wiki/Q948
TUR,90,TUR,tu,Yes,792,249,TU,TU,TR,TUR,TUR,TR,la República de Turquía,1,,Turkish Lira,Turkey,TRY,,949,792,145,142,2,,,the Republic of Turkey,Turkey,TÜRKİYE,,Asia,Western Asia,World,Ankara,AS,.tr,"tr-TR,ku,diq,az,av",298795,Turkiye,,https://www.wikidata.org/wiki/Q43
TKM,993,TKM,tk,Yes,795,250,TX,TR,TM,TKM,TKM,TM,Turkmenistán,1,,Turkmenistan New Manat,Turkmenistan,TMT,,934,795,143,142,2,x,,Turkmenistan,Turkmenistan,TURKMENISTAN,,Asia,Central Asia,World,Ashgabat,AS,.tm,"tk,ru,uz",1218197,Turkmenistan,2E,https://www.wikidata.org/wiki/Q874
TCA,1-649,TCA,tc,Territory of GB,796,251,TK,TI,TC,TCA,TKS, ,,1,29,US Dollar,,USD,,840,796,419,19,2,,Caribbean,,Turks and Caicos Islands,TURKS AND CAICOS ISLANDS,,Americas,Latin America and the Caribbean,World,Cockburn Town,NA,.tc,en-TC,3576916,Kepulauan Turks dan Caicos,W7,https://www.wikidata.org/wiki/Q18221
TUV,688,TUV,tv,Yes,798,252,TV,TV,TV,TUV,TUV,TV,Tuvalu,1,,Australian Dollar,Tuvalu,AUD,x,36,798,61,9,2,,,Tuvalu,Tuvalu,TUVALU,x,Oceania,Polynesia,World,Funafuti,OC,.tv,"tvl,en,sm,gil",2110297,Tuvalu,2G,https://www.wikidata.org/wiki/Q672
UGA,256,UGA,ug,Yes,800,253,UG,UG,UG,UGA,UGA,EAU,la República de Uganda,1,14,Uganda Shilling,Uganda,UGX,,800,800,202,2,0,x,Eastern Africa,the Republic of Uganda,Uganda,UGANDA,x,Africa,Sub-Saharan Africa,World,Kampala,AF,.ug,"en-UG,lg,sw,ar",226074,Uganda,W9,https://www.wikidata.org/wiki/Q1036
UKR,380,UKR,un,Yes,804,254,UP,UR,UA,UKR,UKR,UA,Ucrania,1,,Hryvnia,Ukraine,UAH,,980,804,151,150,2,,,Ukraine,Ukraine,UKRAINE,,Europe,Eastern Europe,World,Kyiv,EU,.ua,"uk,ru-UA,rom,pl,hu",690791,Ukraine,2H,https://www.wikidata.org/wiki/Q212
UAE,971,ARE,ts,Yes,784,255,AE,ER,AE,UAE,UAE, ,los Emiratos Árabes Unidos,1,,UAE Dirham,United Arab Emirates (the),AED,,784,784,145,142,2,,,the United Arab Emirates,United Arab Emirates,UNITED ARAB EMIRATES,,Asia,Western Asia,World,Abu Dhabi,AS,.ae,"ar-AE,fa,en,hi,ur",290557,Emiriah Arab Bersatu,C0,https://www.wikidata.org/wiki/Q878
1,44,GBR,xxk,Yes,826,256,UK,UK,GB,G,GBR,GB,el Reino Unido de Gran Bretaña e Irlanda del Norte,1,,Pound Sterling,United Kingdom of Great Britain and Northern Ireland (the),GBP,,826,826,154,150,2,,,the United Kingdom of Great Britain and Northern Ireland,United Kingdom of Great Britain and Northern Ireland,UNITED KINGDOM OF GREAT BRITAIN AND NORTHERN IRELAND,,Europe,Northern Europe,World,London,EU,.uk,"en-GB,cy-GB,gd",2635167,UK,,https://www.wikidata.org/wiki/Q145
TAN,255,TZA,tz,Yes,834,257,TZ,TN,TZ,TZA,TAN,EAT,la República Unida de Tanzanía,1,14,Tanzanian Shilling,United Republic of Tanzania (the),TZS,,834,834,202,2,2,,Eastern Africa,the United Republic of Tanzania,United Republic of Tanzania,"TANZANIA, UNITED REPUBLIC OF",x,Africa,Sub-Saharan Africa,World,Dodoma,AF,.tz,"sw-TZ,en,ar",149590,Tanzania,W0,https://www.wikidata.org/wiki/Q924
, ,UMI,b,Territories of US,581,,a, ,UM, , ,USA,,1,,US Dollar,,USD,,840,581,57,9,2,,,,United States Minor Outlying Islands,UNITED STATES MINOR OUTLYING ISLANDS,,Oceania,Micronesia,World,,OC,.um,en-UM,5854968,Kepulauan Terpencil A.S.,2J,https://www.wikidata.org/wiki/Q16645
USA,1,USA,xxu,Yes,840,259,US,US,US,USA,USA,USA,los Estados Unidos de América,1,,US Dollar,United States of America (the),USD,,840,840,21,19,2,,,the United States of America,United States of America,UNITED STATES OF AMERICA,,Americas,Northern America,World,Washington,NA,.us,"en-US,es-US,haw,fr",6252001,A.S,,https://www.wikidata.org/wiki/Q30
VIR,1-340,VIR,vi,Territory of US,850,258,VQ,VI,VI,VIR,ISV,USA,,1,29,US Dollar,,USD,x,840,850,419,19,2,,Caribbean,,United States Virgin Islands,VIRGIN ISLANDS (U.S.),,Americas,Latin America and the Caribbean,World,Charlotte Amalie,NA,.vi,en-VI,4796775,Kepulauan Virgin A.S.,,https://www.wikidata.org/wiki/Q11703
URU,598,URY,uy,Yes,858,260,UY,UY,UY,URG,URU,ROU,la República Oriental del Uruguay,1,5,"Peso Uruguayo,Unidad Previsional",Uruguay,"UYU,UYW",,858927,858,419,19,"2,4",,South America,the Eastern Republic of Uruguay,Uruguay,URUGUAY,,Americas,Latin America and the Caribbean,World,Montevideo,SA,.uy,es-UY,3439705,Uruguay,X3,https://www.wikidata.org/wiki/Q77
UZB,998,UZB,uz,Yes,860,261,UZ,UZ,UZ,UZB,UZB,UZ,la República de Uzbekistán,1,,Uzbekistan Sum,Uzbekistan,UZS,,860,860,143,142,2,x,,the Republic of Uzbekistan,Uzbekistan,UZBEKISTAN,,Asia,Central Asia,World,Tashkent,AS,.uz,"uz,ru,tg",1512440,Uzbekistan,2K,https://www.wikidata.org/wiki/Q265
VAN,678,VUT,nn,Yes,548,262,NH,NV,VU,VUT,VAN,VU,la República de Vanuatu,1,,Vatu,Vanuatu,VUV,x,548,548,54,9,0,,,the Republic of Vanuatu,Vanuatu,VANUATU,,Oceania,Melanesia,World,Port Vila,OC,.vu,"bi,en-VU,fr-VU",2134431,Vanuatu,2L,https://www.wikidata.org/wiki/Q686
VEN,58,VEN,ve,Yes,862,263,VE,VN,VE,VEN,VEN,YV,la República Bolivariana de Venezuela,1,5,"Bolívar Soberano,Bolívar Soberano",Venezuela (Bolivarian Republic of),"VES,VED",,928926,862,419,19,"2,2",,South America,the Bolivarian Republic of Venezuela,Venezuela (Bolivarian Republic of),VENEZUELA (BOLIVARIAN REPUBLIC OF),,Americas,Latin America and the Caribbean,World,Caracas,SA,.ve,es-VE,3625428,Venezuela,,https://www.wikidata.org/wiki/Q717
VIE,84,VNM,vm,Yes,704,264,VM,VS,VN,VTN,VIE,VN,la República Socialista de Viet Nam,1,,Dong,Viet Nam,VND,,704,704,35,142,0,,,the Socialist Republic of Viet Nam,Viet Nam,VIET NAM,,Asia,South-eastern Asia,World,Hanoi,AS,.vn,"vi,en,fr,zh,km",1562822,Vietnam,Q1,https://www.wikidata.org/wiki/Q881
WLF,681,WLF,wf,Territory of FR,876,266,WF,FW,WF,WAL,WAF,F,,1,,CFP Franc,,XPF,,953,876,61,9,0,,,,Wallis and Futuna Islands,WALLIS AND FUTUNA,,Oceania,Polynesia,World,Mata Utu,OC,.wf,"wls,fud,fr-WF",4034749,Wallis dan Futuna,X8,https://www.wikidata.org/wiki/Q35555
SAH,212,ESH,ss,In contention,732,268,WI, ,EH,AOE, , ,,1,,Moroccan Dirham,,MAD,,504,732,15,2,2,,,,Western Sahara,WESTERN SAHARA,,Africa,Northern Africa,World,El-Aaiun,AF,.eh,"ar,mey",2461445,Sahara Barat,U5,https://www.wikidata.org/wiki/Q40362
YEM,967,YEM,ye,Yes,887,269,YM,YE,YE,YEM,YEM,YAR,la República del Yemen,1,,Yemeni Rial,Yemen,YER,,886,887,145,142,2,,,the Republic of Yemen,Yemen,YEMEN,x,Asia,Western Asia,World,Sanaa,AS,.ye,ar-YE,69543,Yaman,T7,https://www.wikidata.org/wiki/Q805
ZAM,260,ZMB,za,Yes,894,270,ZA,ZB,ZM,ZMB,ZAM,Z,la República de Zambia,1,14,Zambian Kwacha,Zambia,ZMW,,967,894,202,2,2,x,Eastern Africa,the Republic of Zambia,Zambia,ZAMBIA,x,Africa,Sub-Saharan Africa,World,Lusaka,AF,.zm,"en-ZM,bem,loz,lun,lue,ny,toi",895949,Zambia,Y4,https://www.wikidata.org/wiki/Q953
ZIM,263,ZWE,rh,Yes,716,271,ZI,ZW,ZW,ZWE,ZIM,ZW,la República de Zimbabwe,1,14,Zimbabwe Gold,Zimbabwe,ZWG,,924,716,202,2,2,x,Eastern Africa,the Republic of Zimbabwe,Zimbabwe,ZIMBABWE,,Africa,Sub-Saharan Africa,World,Harare,AF,.zw,"en-ZW,sn,nr,nd",878675,Zimbabwe,Y5,https://www.wikidata.org/wiki/Q954
